# Blender 5.1.0
# www.blender.org
mtllib RaftDepozit.mtl
o RaftDepozit
v -0.014000 0.000000 0.000000
v -0.014000 0.100000 0.000000
v -0.014000 0.100000 -0.050000
v -0.014000 0.000000 -0.050000
v 1.858000 0.000000 0.000000
v 1.858000 0.100000 0.000000
v 1.858000 0.100000 -0.050000
v 1.858000 0.000000 -0.050000
v -0.014000 0.100000 -0.100000
v -0.014000 0.000000 -0.100000
v 1.858000 0.100000 -0.100000
v 1.858000 0.000000 -0.100000
v -0.014000 0.000000 -0.900000
v -0.014000 0.100000 -0.900000
v -0.014000 0.100000 -0.950000
v -0.014000 0.000000 -0.950000
v 1.858000 0.000000 -0.900000
v 1.858000 0.100000 -0.900000
v 1.858000 0.100000 -0.950000
v 1.858000 0.000000 -0.950000
v -0.014000 0.100000 -1.000000
v -0.014000 0.000000 -1.000000
v 1.858000 0.100000 -1.000000
v 1.858000 0.000000 -1.000000
v -0.014000 0.200000 0.000000
v -0.014000 0.200000 -0.050000
v 1.858000 0.200000 0.000000
v 1.858000 0.200000 -0.050000
v -0.014000 0.200000 -0.100000
v 0.064000 0.100000 -0.100000
v 0.064000 0.200000 -0.100000
v 0.064000 0.200000 -0.150000
v 0.064000 0.100000 -0.150000
v 0.064000 0.200000 -0.200000
v 0.064000 0.100000 -0.200000
v 0.064000 0.200000 -0.250000
v 0.064000 0.100000 -0.250000
v 0.064000 0.200000 -0.300000
v 0.064000 0.100000 -0.300000
v 0.064000 0.200000 -0.350000
v 0.064000 0.100000 -0.350000
v 0.064000 0.200000 -0.400000
v 0.064000 0.100000 -0.400000
v 0.064000 0.200000 -0.450000
v 0.064000 0.100000 -0.450000
v 0.064000 0.200000 -0.500000
v 0.064000 0.100000 -0.500000
v 0.064000 0.200000 -0.550000
v 0.064000 0.100000 -0.550000
v 0.064000 0.200000 -0.600000
v 0.064000 0.100000 -0.600000
v 0.064000 0.200000 -0.650000
v 0.064000 0.100000 -0.650000
v 0.064000 0.200000 -0.700000
v 0.064000 0.100000 -0.700000
v 0.064000 0.200000 -0.750000
v 0.064000 0.100000 -0.750000
v 0.064000 0.200000 -0.800000
v 0.064000 0.100000 -0.800000
v 0.064000 0.200000 -0.850000
v 0.064000 0.100000 -0.850000
v 0.064000 0.200000 -0.900000
v 0.064000 0.100000 -0.900000
v -0.014000 0.200000 -0.900000
v -0.014000 0.200000 -0.950000
v -0.014000 0.200000 -1.000000
v 1.858000 0.200000 -0.950000
v 1.858000 0.200000 -1.000000
v -0.014000 0.300000 0.000000
v -0.014000 0.300000 -0.050000
v 1.858000 0.300000 0.000000
v 1.858000 0.300000 -0.050000
v -0.014000 0.300000 -0.100000
v 1.858000 0.300000 -0.100000
v 1.858000 0.200000 -0.100000
v -0.014000 0.300000 -0.900000
v -0.014000 0.300000 -0.950000
v 1.858000 0.200000 -0.900000
v 1.858000 0.300000 -0.900000
v 1.858000 0.300000 -0.950000
v -0.014000 0.300000 -1.000000
v 1.858000 0.300000 -1.000000
v -0.014000 0.400000 0.000000
v -0.014000 0.400000 -0.050000
v 1.858000 0.400000 0.000000
v 1.858000 0.400000 -0.050000
v -0.014000 0.400000 -0.100000
v 1.858000 0.400000 -0.100000
v -0.014000 0.400000 -0.900000
v -0.014000 0.400000 -0.950000
v 1.858000 0.400000 -0.900000
v 1.858000 0.400000 -0.950000
v -0.014000 0.400000 -1.000000
v 1.858000 0.400000 -1.000000
v -0.014000 0.500000 0.000000
v -0.014000 0.500000 -0.050000
v 1.858000 0.500000 0.000000
v 1.858000 0.500000 -0.050000
v -0.014000 0.500000 -0.100000
v 1.858000 0.500000 -0.100000
v -0.014000 0.500000 -0.900000
v -0.014000 0.500000 -0.950000
v 1.858000 0.500000 -0.900000
v 1.858000 0.500000 -0.950000
v -0.014000 0.500000 -1.000000
v 1.858000 0.500000 -1.000000
v -0.014000 0.600000 0.000000
v -0.014000 0.600000 -0.050000
v 1.858000 0.600000 0.000000
v 1.858000 0.600000 -0.050000
v -0.014000 0.600000 -0.100000
v 1.858000 0.600000 -0.100000
v -0.014000 0.600000 -0.900000
v -0.014000 0.600000 -0.950000
v 1.858000 0.600000 -0.900000
v 1.858000 0.600000 -0.950000
v -0.014000 0.600000 -1.000000
v 1.858000 0.600000 -1.000000
v -0.014000 0.700000 0.000000
v -0.014000 0.700000 -0.050000
v 1.858000 0.700000 0.000000
v 1.858000 0.700000 -0.050000
v -0.014000 0.700000 -0.100000
v 1.858000 0.700000 -0.100000
v -0.014000 0.700000 -0.900000
v -0.014000 0.700000 -0.950000
v 1.858000 0.700000 -0.900000
v 1.858000 0.700000 -0.950000
v -0.014000 0.700000 -1.000000
v 1.858000 0.700000 -1.000000
v -0.014000 0.800000 0.000000
v -0.014000 0.800000 -0.050000
v 1.858000 0.800000 0.000000
v 1.858000 0.800000 -0.050000
v -0.014000 0.800000 -0.100000
v 1.858000 0.800000 -0.100000
v -0.014000 0.800000 -0.900000
v -0.014000 0.800000 -0.950000
v 1.858000 0.800000 -0.900000
v 1.858000 0.800000 -0.950000
v -0.014000 0.800000 -1.000000
v 1.858000 0.800000 -1.000000
v -0.014000 0.900000 0.000000
v -0.014000 0.900000 -0.050000
v 1.858000 0.900000 0.000000
v 1.858000 0.900000 -0.050000
v -0.014000 0.900000 -0.100000
v 1.858000 0.900000 -0.100000
v -0.014000 0.900000 -0.900000
v -0.014000 0.900000 -0.950000
v 1.858000 0.900000 -0.900000
v 1.858000 0.900000 -0.950000
v -0.014000 0.900000 -1.000000
v 1.858000 0.900000 -1.000000
v -0.014000 1.000000 0.000000
v -0.014000 1.000000 -0.050000
v 1.858000 1.000000 0.000000
v 1.858000 1.000000 -0.050000
v -0.014000 1.000000 -0.100000
v 1.858000 1.000000 -0.100000
v -0.014000 1.000000 -0.900000
v -0.014000 1.000000 -0.950000
v 1.858000 1.000000 -0.900000
v 1.858000 1.000000 -0.950000
v -0.014000 1.000000 -1.000000
v 1.858000 1.000000 -1.000000
v -0.014000 1.100000 0.000000
v -0.014000 1.100000 -0.050000
v 1.858000 1.100000 0.000000
v 1.858000 1.100000 -0.050000
v -0.014000 1.100000 -0.100000
v 1.858000 1.100000 -0.100000
v -0.014000 1.100000 -0.900000
v -0.014000 1.100000 -0.950000
v 1.858000 1.100000 -0.900000
v 1.858000 1.100000 -0.950000
v -0.014000 1.100000 -1.000000
v 1.858000 1.100000 -1.000000
v -0.014000 1.200000 0.000000
v -0.014000 1.200000 -0.050000
v 1.858000 1.200000 0.000000
v 1.858000 1.200000 -0.050000
v -0.014000 1.200000 -0.100000
v 1.858000 1.200000 -0.100000
v -0.014000 1.200000 -0.900000
v -0.014000 1.200000 -0.950000
v 1.858000 1.200000 -0.900000
v 1.858000 1.200000 -0.950000
v -0.014000 1.200000 -1.000000
v 1.858000 1.200000 -1.000000
v -0.014000 1.300000 0.000000
v -0.014000 1.300000 -0.050000
v 1.858000 1.300000 0.000000
v 1.858000 1.300000 -0.050000
v -0.014000 1.300000 -0.100000
v 1.858000 1.300000 -0.100000
v -0.014000 1.300000 -0.900000
v -0.014000 1.300000 -0.950000
v 1.858000 1.300000 -0.900000
v 1.858000 1.300000 -0.950000
v -0.014000 1.300000 -1.000000
v 1.858000 1.300000 -1.000000
v -0.014000 1.400000 0.000000
v -0.014000 1.400000 -0.050000
v 1.858000 1.400000 0.000000
v 1.858000 1.400000 -0.050000
v -0.014000 1.400000 -0.100000
v 0.064000 1.300000 -0.100000
v 0.064000 1.400000 -0.100000
v 0.064000 1.400000 -0.150000
v 0.064000 1.300000 -0.150000
v 0.064000 1.400000 -0.200000
v 0.064000 1.300000 -0.200000
v 0.064000 1.400000 -0.250000
v 0.064000 1.300000 -0.250000
v 0.064000 1.400000 -0.300000
v 0.064000 1.300000 -0.300000
v 0.064000 1.400000 -0.350000
v 0.064000 1.300000 -0.350000
v 0.064000 1.400000 -0.400000
v 0.064000 1.300000 -0.400000
v 0.064000 1.400000 -0.450000
v 0.064000 1.300000 -0.450000
v 0.064000 1.400000 -0.500000
v 0.064000 1.300000 -0.500000
v 0.064000 1.400000 -0.550000
v 0.064000 1.300000 -0.550000
v 0.064000 1.400000 -0.600000
v 0.064000 1.300000 -0.600000
v 0.064000 1.400000 -0.650000
v 0.064000 1.300000 -0.650000
v 0.064000 1.400000 -0.700000
v 0.064000 1.300000 -0.700000
v 0.064000 1.400000 -0.750000
v 0.064000 1.300000 -0.750000
v 0.064000 1.400000 -0.800000
v 0.064000 1.300000 -0.800000
v 0.064000 1.400000 -0.850000
v 0.064000 1.300000 -0.850000
v 0.064000 1.400000 -0.900000
v 0.064000 1.300000 -0.900000
v -0.014000 1.400000 -0.900000
v -0.014000 1.400000 -0.950000
v -0.014000 1.400000 -1.000000
v 1.858000 1.400000 -0.950000
v 1.858000 1.400000 -1.000000
v -0.014000 1.500000 0.000000
v -0.014000 1.500000 -0.050000
v 1.858000 1.500000 0.000000
v 1.858000 1.500000 -0.050000
v -0.014000 1.500000 -0.100000
v 1.858000 1.500000 -0.100000
v 1.858000 1.400000 -0.100000
v -0.014000 1.500000 -0.900000
v -0.014000 1.500000 -0.950000
v 1.858000 1.400000 -0.900000
v 1.858000 1.500000 -0.900000
v 1.858000 1.500000 -0.950000
v -0.014000 1.500000 -1.000000
v 1.858000 1.500000 -1.000000
v -0.014000 1.600000 0.000000
v -0.014000 1.600000 -0.050000
v 1.858000 1.600000 0.000000
v 1.858000 1.600000 -0.050000
v -0.014000 1.600000 -0.100000
v 1.858000 1.600000 -0.100000
v -0.014000 1.600000 -0.900000
v -0.014000 1.600000 -0.950000
v 1.858000 1.600000 -0.900000
v 1.858000 1.600000 -0.950000
v -0.014000 1.600000 -1.000000
v 1.858000 1.600000 -1.000000
v -0.014000 1.700000 0.000000
v -0.014000 1.700000 -0.050000
v 1.858000 1.700000 0.000000
v 1.858000 1.700000 -0.050000
v -0.014000 1.700000 -0.100000
v 1.858000 1.700000 -0.100000
v -0.014000 1.700000 -0.900000
v -0.014000 1.700000 -0.950000
v 1.858000 1.700000 -0.900000
v 1.858000 1.700000 -0.950000
v -0.014000 1.700000 -1.000000
v 1.858000 1.700000 -1.000000
v -0.014000 1.800000 0.000000
v -0.014000 1.800000 -0.050000
v 1.858000 1.800000 0.000000
v 1.858000 1.800000 -0.050000
v -0.014000 1.800000 -0.100000
v 1.858000 1.800000 -0.100000
v -0.014000 1.800000 -0.900000
v -0.014000 1.800000 -0.950000
v 1.858000 1.800000 -0.900000
v 1.858000 1.800000 -0.950000
v -0.014000 1.800000 -1.000000
v 1.858000 1.800000 -1.000000
v 0.142000 0.000000 0.000000
v 0.142000 0.000000 -0.050000
v 0.142000 0.100000 -0.050000
v 0.142000 0.100000 0.000000
v 2.014000 0.000000 0.000000
v 2.014000 0.000000 -0.050000
v 2.014000 0.100000 -0.050000
v 2.014000 0.100000 0.000000
v 0.142000 0.000000 -0.100000
v 0.142000 0.100000 -0.100000
v 2.014000 0.000000 -0.100000
v 2.014000 0.100000 -0.100000
v 0.142000 0.000000 -0.900000
v 0.142000 0.000000 -0.950000
v 0.142000 0.100000 -0.950000
v 0.142000 0.100000 -0.900000
v 2.014000 0.000000 -0.900000
v 2.014000 0.000000 -0.950000
v 2.014000 0.100000 -0.950000
v 2.014000 0.100000 -0.900000
v 0.142000 0.000000 -1.000000
v 0.142000 0.100000 -1.000000
v 2.014000 0.000000 -1.000000
v 2.014000 0.100000 -1.000000
v 0.142000 0.200000 -0.050000
v 0.142000 0.200000 0.000000
v 2.014000 0.200000 -0.050000
v 2.014000 0.200000 0.000000
v 2.014000 0.200000 -0.100000
v 1.936000 0.100000 -0.100000
v 1.936000 0.100000 -0.150000
v 1.936000 0.200000 -0.150000
v 1.936000 0.200000 -0.100000
v 1.936000 0.100000 -0.200000
v 1.936000 0.200000 -0.200000
v 1.936000 0.100000 -0.250000
v 1.936000 0.200000 -0.250000
v 1.936000 0.100000 -0.300000
v 1.936000 0.200000 -0.300000
v 1.936000 0.100000 -0.350000
v 1.936000 0.200000 -0.350000
v 1.936000 0.100000 -0.400000
v 1.936000 0.200000 -0.400000
v 1.936000 0.100000 -0.450000
v 1.936000 0.200000 -0.450000
v 1.936000 0.100000 -0.500000
v 1.936000 0.200000 -0.500000
v 1.936000 0.100000 -0.550000
v 1.936000 0.200000 -0.550000
v 1.936000 0.100000 -0.600000
v 1.936000 0.200000 -0.600000
v 1.936000 0.100000 -0.650000
v 1.936000 0.200000 -0.650000
v 1.936000 0.100000 -0.700000
v 1.936000 0.200000 -0.700000
v 1.936000 0.100000 -0.750000
v 1.936000 0.200000 -0.750000
v 1.936000 0.100000 -0.800000
v 1.936000 0.200000 -0.800000
v 1.936000 0.100000 -0.850000
v 1.936000 0.200000 -0.850000
v 1.936000 0.100000 -0.900000
v 1.936000 0.200000 -0.900000
v 2.014000 0.200000 -0.950000
v 2.014000 0.200000 -0.900000
v 0.142000 0.200000 -1.000000
v 0.142000 0.200000 -0.950000
v 2.014000 0.200000 -1.000000
v 0.142000 0.300000 -0.050000
v 0.142000 0.300000 0.000000
v 2.014000 0.300000 -0.050000
v 2.014000 0.300000 0.000000
v 0.142000 0.200000 -0.100000
v 0.142000 0.300000 -0.100000
v 2.014000 0.300000 -0.100000
v 0.142000 0.200000 -0.900000
v 0.142000 0.300000 -0.950000
v 0.142000 0.300000 -0.900000
v 2.014000 0.300000 -0.950000
v 2.014000 0.300000 -0.900000
v 0.142000 0.300000 -1.000000
v 2.014000 0.300000 -1.000000
v 0.142000 0.400000 -0.050000
v 0.142000 0.400000 0.000000
v 2.014000 0.400000 -0.050000
v 2.014000 0.400000 0.000000
v 0.142000 0.400000 -0.100000
v 2.014000 0.400000 -0.100000
v 0.142000 0.400000 -0.950000
v 0.142000 0.400000 -0.900000
v 2.014000 0.400000 -0.950000
v 2.014000 0.400000 -0.900000
v 0.142000 0.400000 -1.000000
v 2.014000 0.400000 -1.000000
v 0.142000 0.500000 -0.050000
v 0.142000 0.500000 0.000000
v 2.014000 0.500000 -0.050000
v 2.014000 0.500000 0.000000
v 0.142000 0.500000 -0.100000
v 2.014000 0.500000 -0.100000
v 0.142000 0.500000 -0.950000
v 0.142000 0.500000 -0.900000
v 2.014000 0.500000 -0.950000
v 2.014000 0.500000 -0.900000
v 0.142000 0.500000 -1.000000
v 2.014000 0.500000 -1.000000
v 0.142000 0.600000 -0.050000
v 0.142000 0.600000 0.000000
v 2.014000 0.600000 -0.050000
v 2.014000 0.600000 0.000000
v 0.142000 0.600000 -0.100000
v 2.014000 0.600000 -0.100000
v 0.142000 0.600000 -0.950000
v 0.142000 0.600000 -0.900000
v 2.014000 0.600000 -0.950000
v 2.014000 0.600000 -0.900000
v 0.142000 0.600000 -1.000000
v 2.014000 0.600000 -1.000000
v 0.142000 0.700000 -0.050000
v 0.142000 0.700000 0.000000
v 2.014000 0.700000 -0.050000
v 2.014000 0.700000 0.000000
v 0.142000 0.700000 -0.100000
v 2.014000 0.700000 -0.100000
v 0.142000 0.700000 -0.950000
v 0.142000 0.700000 -0.900000
v 2.014000 0.700000 -0.950000
v 2.014000 0.700000 -0.900000
v 0.142000 0.700000 -1.000000
v 2.014000 0.700000 -1.000000
v 0.142000 0.800000 -0.050000
v 0.142000 0.800000 0.000000
v 2.014000 0.800000 -0.050000
v 2.014000 0.800000 0.000000
v 0.142000 0.800000 -0.100000
v 2.014000 0.800000 -0.100000
v 0.142000 0.800000 -0.950000
v 0.142000 0.800000 -0.900000
v 2.014000 0.800000 -0.950000
v 2.014000 0.800000 -0.900000
v 0.142000 0.800000 -1.000000
v 2.014000 0.800000 -1.000000
v 0.142000 0.900000 -0.050000
v 0.142000 0.900000 0.000000
v 2.014000 0.900000 -0.050000
v 2.014000 0.900000 0.000000
v 0.142000 0.900000 -0.100000
v 2.014000 0.900000 -0.100000
v 0.142000 0.900000 -0.950000
v 0.142000 0.900000 -0.900000
v 2.014000 0.900000 -0.950000
v 2.014000 0.900000 -0.900000
v 0.142000 0.900000 -1.000000
v 2.014000 0.900000 -1.000000
v 0.142000 1.000000 -0.050000
v 0.142000 1.000000 0.000000
v 2.014000 1.000000 -0.050000
v 2.014000 1.000000 0.000000
v 0.142000 1.000000 -0.100000
v 2.014000 1.000000 -0.100000
v 0.142000 1.000000 -0.950000
v 0.142000 1.000000 -0.900000
v 2.014000 1.000000 -0.950000
v 2.014000 1.000000 -0.900000
v 0.142000 1.000000 -1.000000
v 2.014000 1.000000 -1.000000
v 0.142000 1.100000 -0.050000
v 0.142000 1.100000 0.000000
v 2.014000 1.100000 -0.050000
v 2.014000 1.100000 0.000000
v 0.142000 1.100000 -0.100000
v 2.014000 1.100000 -0.100000
v 0.142000 1.100000 -0.950000
v 0.142000 1.100000 -0.900000
v 2.014000 1.100000 -0.950000
v 2.014000 1.100000 -0.900000
v 0.142000 1.100000 -1.000000
v 2.014000 1.100000 -1.000000
v 0.142000 1.200000 -0.050000
v 0.142000 1.200000 0.000000
v 2.014000 1.200000 -0.050000
v 2.014000 1.200000 0.000000
v 0.142000 1.200000 -0.100000
v 2.014000 1.200000 -0.100000
v 0.142000 1.200000 -0.950000
v 0.142000 1.200000 -0.900000
v 2.014000 1.200000 -0.950000
v 2.014000 1.200000 -0.900000
v 0.142000 1.200000 -1.000000
v 2.014000 1.200000 -1.000000
v 0.142000 1.300000 -0.050000
v 0.142000 1.300000 0.000000
v 2.014000 1.300000 -0.050000
v 2.014000 1.300000 0.000000
v 0.142000 1.300000 -0.100000
v 2.014000 1.300000 -0.100000
v 0.142000 1.300000 -0.950000
v 0.142000 1.300000 -0.900000
v 2.014000 1.300000 -0.950000
v 2.014000 1.300000 -0.900000
v 0.142000 1.300000 -1.000000
v 2.014000 1.300000 -1.000000
v 0.142000 1.400000 -0.050000
v 0.142000 1.400000 0.000000
v 2.014000 1.400000 -0.050000
v 2.014000 1.400000 0.000000
v 2.014000 1.400000 -0.100000
v 1.936000 1.300000 -0.100000
v 1.936000 1.300000 -0.150000
v 1.936000 1.400000 -0.150000
v 1.936000 1.400000 -0.100000
v 1.936000 1.300000 -0.200000
v 1.936000 1.400000 -0.200000
v 1.936000 1.300000 -0.250000
v 1.936000 1.400000 -0.250000
v 1.936000 1.300000 -0.300000
v 1.936000 1.400000 -0.300000
v 1.936000 1.300000 -0.350000
v 1.936000 1.400000 -0.350000
v 1.936000 1.300000 -0.400000
v 1.936000 1.400000 -0.400000
v 1.936000 1.300000 -0.450000
v 1.936000 1.400000 -0.450000
v 1.936000 1.300000 -0.500000
v 1.936000 1.400000 -0.500000
v 1.936000 1.300000 -0.550000
v 1.936000 1.400000 -0.550000
v 1.936000 1.300000 -0.600000
v 1.936000 1.400000 -0.600000
v 1.936000 1.300000 -0.650000
v 1.936000 1.400000 -0.650000
v 1.936000 1.300000 -0.700000
v 1.936000 1.400000 -0.700000
v 1.936000 1.300000 -0.750000
v 1.936000 1.400000 -0.750000
v 1.936000 1.300000 -0.800000
v 1.936000 1.400000 -0.800000
v 1.936000 1.300000 -0.850000
v 1.936000 1.400000 -0.850000
v 1.936000 1.300000 -0.900000
v 1.936000 1.400000 -0.900000
v 2.014000 1.400000 -0.950000
v 2.014000 1.400000 -0.900000
v 0.142000 1.400000 -1.000000
v 0.142000 1.400000 -0.950000
v 2.014000 1.400000 -1.000000
v 0.142000 1.500000 -0.050000
v 0.142000 1.500000 0.000000
v 2.014000 1.500000 -0.050000
v 2.014000 1.500000 0.000000
v 0.142000 1.400000 -0.100000
v 0.142000 1.500000 -0.100000
v 2.014000 1.500000 -0.100000
v 0.142000 1.400000 -0.900000
v 0.142000 1.500000 -0.950000
v 0.142000 1.500000 -0.900000
v 2.014000 1.500000 -0.950000
v 2.014000 1.500000 -0.900000
v 0.142000 1.500000 -1.000000
v 2.014000 1.500000 -1.000000
v 0.142000 1.600000 -0.050000
v 0.142000 1.600000 0.000000
v 2.014000 1.600000 -0.050000
v 2.014000 1.600000 0.000000
v 0.142000 1.600000 -0.100000
v 2.014000 1.600000 -0.100000
v 0.142000 1.600000 -0.950000
v 0.142000 1.600000 -0.900000
v 2.014000 1.600000 -0.950000
v 2.014000 1.600000 -0.900000
v 0.142000 1.600000 -1.000000
v 2.014000 1.600000 -1.000000
v 0.142000 1.700000 -0.050000
v 0.142000 1.700000 0.000000
v 2.014000 1.700000 -0.050000
v 2.014000 1.700000 0.000000
v 0.142000 1.700000 -0.100000
v 2.014000 1.700000 -0.100000
v 0.142000 1.700000 -0.950000
v 0.142000 1.700000 -0.900000
v 2.014000 1.700000 -0.950000
v 2.014000 1.700000 -0.900000
v 0.142000 1.700000 -1.000000
v 2.014000 1.700000 -1.000000
v 0.142000 1.800000 -0.050000
v 0.142000 1.800000 0.000000
v 2.014000 1.800000 -0.050000
v 2.014000 1.800000 0.000000
v 0.142000 1.800000 -0.100000
v 2.014000 1.800000 -0.100000
v 0.142000 1.800000 -0.950000
v 0.142000 1.800000 -0.900000
v 2.014000 1.800000 -0.950000
v 2.014000 1.800000 -0.900000
v 0.142000 1.800000 -1.000000
v 2.014000 1.800000 -1.000000
v 0.064000 0.000000 0.000000
v 0.064000 0.100000 0.000000
v 1.936000 0.000000 0.000000
v 1.936000 0.100000 0.000000
v 0.064000 0.000000 -0.900000
v 1.936000 0.000000 -0.900000
v 0.064000 0.200000 0.000000
v 1.936000 0.200000 0.000000
v 0.220000 0.100000 -0.050000
v 0.220000 0.200000 -0.050000
v 0.298000 0.100000 -0.050000
v 0.298000 0.200000 -0.050000
v 0.376000 0.100000 -0.050000
v 0.376000 0.200000 -0.050000
v 0.454000 0.100000 -0.050000
v 0.454000 0.200000 -0.050000
v 0.532000 0.100000 -0.050000
v 0.532000 0.200000 -0.050000
v 0.610000 0.100000 -0.050000
v 0.610000 0.200000 -0.050000
v 0.688000 0.100000 -0.050000
v 0.688000 0.200000 -0.050000
v 0.766000 0.100000 -0.050000
v 0.766000 0.200000 -0.050000
v 0.844000 0.100000 -0.050000
v 0.844000 0.200000 -0.050000
v 0.922000 0.100000 -0.050000
v 0.922000 0.200000 -0.050000
v 1.000000 0.100000 -0.050000
v 1.000000 0.200000 -0.050000
v 1.078000 0.100000 -0.050000
v 1.078000 0.200000 -0.050000
v 1.156000 0.100000 -0.050000
v 1.156000 0.200000 -0.050000
v 1.234000 0.100000 -0.050000
v 1.234000 0.200000 -0.050000
v 1.312000 0.100000 -0.050000
v 1.312000 0.200000 -0.050000
v 1.390000 0.100000 -0.050000
v 1.390000 0.200000 -0.050000
v 1.468000 0.100000 -0.050000
v 1.468000 0.200000 -0.050000
v 1.546000 0.100000 -0.050000
v 1.546000 0.200000 -0.050000
v 1.624000 0.100000 -0.050000
v 1.624000 0.200000 -0.050000
v 1.702000 0.100000 -0.050000
v 1.702000 0.200000 -0.050000
v 1.780000 0.100000 -0.050000
v 1.780000 0.200000 -0.050000
v 0.064000 0.300000 0.000000
v 1.936000 0.300000 0.000000
v 0.064000 0.300000 -0.900000
v 1.936000 0.300000 -0.900000
v 0.064000 0.400000 0.000000
v 1.936000 0.400000 0.000000
v 0.064000 0.400000 -0.900000
v 1.936000 0.400000 -0.900000
v 0.064000 0.500000 0.000000
v 1.936000 0.500000 0.000000
v 0.064000 0.500000 -0.900000
v 1.936000 0.500000 -0.900000
v 0.064000 0.600000 0.000000
v 1.936000 0.600000 0.000000
v 0.064000 0.600000 -0.900000
v 1.936000 0.600000 -0.900000
v 0.064000 0.700000 0.000000
v 1.936000 0.700000 0.000000
v 0.064000 0.700000 -0.900000
v 1.936000 0.700000 -0.900000
v 0.064000 0.800000 0.000000
v 1.936000 0.800000 0.000000
v 0.064000 0.800000 -0.900000
v 1.936000 0.800000 -0.900000
v 0.064000 0.900000 0.000000
v 1.936000 0.900000 0.000000
v 0.064000 0.900000 -0.900000
v 1.936000 0.900000 -0.900000
v 0.064000 1.000000 0.000000
v 1.936000 1.000000 0.000000
v 0.064000 1.000000 -0.900000
v 1.936000 1.000000 -0.900000
v 0.064000 1.100000 0.000000
v 1.936000 1.100000 0.000000
v 0.064000 1.100000 -0.900000
v 1.936000 1.100000 -0.900000
v 0.064000 1.200000 0.000000
v 1.936000 1.200000 0.000000
v 0.064000 1.200000 -0.900000
v 1.936000 1.200000 -0.900000
v 0.064000 1.300000 0.000000
v 1.936000 1.300000 0.000000
v 0.064000 1.400000 0.000000
v 1.936000 1.400000 0.000000
v 0.220000 1.300000 -0.050000
v 0.220000 1.400000 -0.050000
v 0.298000 1.300000 -0.050000
v 0.298000 1.400000 -0.050000
v 0.376000 1.300000 -0.050000
v 0.376000 1.400000 -0.050000
v 0.454000 1.300000 -0.050000
v 0.454000 1.400000 -0.050000
v 0.532000 1.300000 -0.050000
v 0.532000 1.400000 -0.050000
v 0.610000 1.300000 -0.050000
v 0.610000 1.400000 -0.050000
v 0.688000 1.300000 -0.050000
v 0.688000 1.400000 -0.050000
v 0.766000 1.300000 -0.050000
v 0.766000 1.400000 -0.050000
v 0.844000 1.300000 -0.050000
v 0.844000 1.400000 -0.050000
v 0.922000 1.300000 -0.050000
v 0.922000 1.400000 -0.050000
v 1.000000 1.300000 -0.050000
v 1.000000 1.400000 -0.050000
v 1.078000 1.300000 -0.050000
v 1.078000 1.400000 -0.050000
v 1.156000 1.300000 -0.050000
v 1.156000 1.400000 -0.050000
v 1.234000 1.300000 -0.050000
v 1.234000 1.400000 -0.050000
v 1.312000 1.300000 -0.050000
v 1.312000 1.400000 -0.050000
v 1.390000 1.300000 -0.050000
v 1.390000 1.400000 -0.050000
v 1.468000 1.300000 -0.050000
v 1.468000 1.400000 -0.050000
v 1.546000 1.300000 -0.050000
v 1.546000 1.400000 -0.050000
v 1.624000 1.300000 -0.050000
v 1.624000 1.400000 -0.050000
v 1.702000 1.300000 -0.050000
v 1.702000 1.400000 -0.050000
v 1.780000 1.300000 -0.050000
v 1.780000 1.400000 -0.050000
v 0.064000 1.500000 0.000000
v 1.936000 1.500000 0.000000
v 0.064000 1.500000 -0.900000
v 1.936000 1.500000 -0.900000
v 0.064000 1.600000 0.000000
v 1.936000 1.600000 0.000000
v 0.064000 1.600000 -0.900000
v 1.936000 1.600000 -0.900000
v 0.064000 1.700000 0.000000
v 1.936000 1.700000 0.000000
v 0.064000 1.700000 -0.900000
v 1.936000 1.700000 -0.900000
v 0.064000 1.800000 0.000000
v 1.936000 1.800000 0.000000
v 0.064000 1.800000 -0.900000
v 1.936000 1.800000 -0.900000
v 0.064000 0.000000 -0.100000
v 1.936000 0.000000 -0.100000
v 0.064000 0.100000 -1.000000
v 0.064000 0.000000 -1.000000
v 1.936000 0.100000 -1.000000
v 1.936000 0.000000 -1.000000
v 0.220000 0.200000 -0.950000
v 0.220000 0.100000 -0.950000
v 0.298000 0.200000 -0.950000
v 0.298000 0.100000 -0.950000
v 0.376000 0.200000 -0.950000
v 0.376000 0.100000 -0.950000
v 0.454000 0.200000 -0.950000
v 0.454000 0.100000 -0.950000
v 0.532000 0.200000 -0.950000
v 0.532000 0.100000 -0.950000
v 0.610000 0.200000 -0.950000
v 0.610000 0.100000 -0.950000
v 0.688000 0.200000 -0.950000
v 0.688000 0.100000 -0.950000
v 0.766000 0.200000 -0.950000
v 0.766000 0.100000 -0.950000
v 0.844000 0.200000 -0.950000
v 0.844000 0.100000 -0.950000
v 0.922000 0.200000 -0.950000
v 0.922000 0.100000 -0.950000
v 1.000000 0.200000 -0.950000
v 1.000000 0.100000 -0.950000
v 1.078000 0.200000 -0.950000
v 1.078000 0.100000 -0.950000
v 1.156000 0.200000 -0.950000
v 1.156000 0.100000 -0.950000
v 1.234000 0.200000 -0.950000
v 1.234000 0.100000 -0.950000
v 1.312000 0.200000 -0.950000
v 1.312000 0.100000 -0.950000
v 1.390000 0.200000 -0.950000
v 1.390000 0.100000 -0.950000
v 1.468000 0.200000 -0.950000
v 1.468000 0.100000 -0.950000
v 1.546000 0.200000 -0.950000
v 1.546000 0.100000 -0.950000
v 1.624000 0.200000 -0.950000
v 1.624000 0.100000 -0.950000
v 1.702000 0.200000 -0.950000
v 1.702000 0.100000 -0.950000
v 1.780000 0.200000 -0.950000
v 1.780000 0.100000 -0.950000
v 0.064000 0.200000 -1.000000
v 1.936000 0.200000 -1.000000
v 0.064000 0.300000 -0.100000
v 1.936000 0.300000 -0.100000
v 0.064000 0.300000 -1.000000
v 1.936000 0.300000 -1.000000
v 0.064000 0.400000 -0.100000
v 1.936000 0.400000 -0.100000
v 0.064000 0.400000 -1.000000
v 1.936000 0.400000 -1.000000
v 0.064000 0.500000 -0.100000
v 1.936000 0.500000 -0.100000
v 0.064000 0.500000 -1.000000
v 1.936000 0.500000 -1.000000
v 0.064000 0.600000 -0.100000
v 1.936000 0.600000 -0.100000
v 0.064000 0.600000 -1.000000
v 1.936000 0.600000 -1.000000
v 0.064000 0.700000 -0.100000
v 1.936000 0.700000 -0.100000
v 0.064000 0.700000 -1.000000
v 1.936000 0.700000 -1.000000
v 0.064000 0.800000 -0.100000
v 1.936000 0.800000 -0.100000
v 0.064000 0.800000 -1.000000
v 1.936000 0.800000 -1.000000
v 0.064000 0.900000 -0.100000
v 1.936000 0.900000 -0.100000
v 0.064000 0.900000 -1.000000
v 1.936000 0.900000 -1.000000
v 0.064000 1.000000 -0.100000
v 1.936000 1.000000 -0.100000
v 0.064000 1.000000 -1.000000
v 1.936000 1.000000 -1.000000
v 0.064000 1.100000 -0.100000
v 1.936000 1.100000 -0.100000
v 0.064000 1.100000 -1.000000
v 1.936000 1.100000 -1.000000
v 0.064000 1.200000 -0.100000
v 1.936000 1.200000 -0.100000
v 0.064000 1.200000 -1.000000
v 1.936000 1.200000 -1.000000
v 0.064000 1.300000 -1.000000
v 1.936000 1.300000 -1.000000
v 0.220000 1.400000 -0.950000
v 0.220000 1.300000 -0.950000
v 0.298000 1.400000 -0.950000
v 0.298000 1.300000 -0.950000
v 0.376000 1.400000 -0.950000
v 0.376000 1.300000 -0.950000
v 0.454000 1.400000 -0.950000
v 0.454000 1.300000 -0.950000
v 0.532000 1.400000 -0.950000
v 0.532000 1.300000 -0.950000
v 0.610000 1.400000 -0.950000
v 0.610000 1.300000 -0.950000
v 0.688000 1.400000 -0.950000
v 0.688000 1.300000 -0.950000
v 0.766000 1.400000 -0.950000
v 0.766000 1.300000 -0.950000
v 0.844000 1.400000 -0.950000
v 0.844000 1.300000 -0.950000
v 0.922000 1.400000 -0.950000
v 0.922000 1.300000 -0.950000
v 1.000000 1.400000 -0.950000
v 1.000000 1.300000 -0.950000
v 1.078000 1.400000 -0.950000
v 1.078000 1.300000 -0.950000
v 1.156000 1.400000 -0.950000
v 1.156000 1.300000 -0.950000
v 1.234000 1.400000 -0.950000
v 1.234000 1.300000 -0.950000
v 1.312000 1.400000 -0.950000
v 1.312000 1.300000 -0.950000
v 1.390000 1.400000 -0.950000
v 1.390000 1.300000 -0.950000
v 1.468000 1.400000 -0.950000
v 1.468000 1.300000 -0.950000
v 1.546000 1.400000 -0.950000
v 1.546000 1.300000 -0.950000
v 1.624000 1.400000 -0.950000
v 1.624000 1.300000 -0.950000
v 1.702000 1.400000 -0.950000
v 1.702000 1.300000 -0.950000
v 1.780000 1.400000 -0.950000
v 1.780000 1.300000 -0.950000
v 0.064000 1.400000 -1.000000
v 1.936000 1.400000 -1.000000
v 0.064000 1.500000 -0.100000
v 1.936000 1.500000 -0.100000
v 0.064000 1.500000 -1.000000
v 1.936000 1.500000 -1.000000
v 0.064000 1.600000 -0.100000
v 1.936000 1.600000 -0.100000
v 0.064000 1.600000 -1.000000
v 1.936000 1.600000 -1.000000
v 0.064000 1.700000 -0.100000
v 1.936000 1.700000 -0.100000
v 0.064000 1.700000 -1.000000
v 1.936000 1.700000 -1.000000
v 0.064000 1.800000 -0.100000
v 1.936000 1.800000 -0.100000
v 0.064000 1.800000 -1.000000
v 1.936000 1.800000 -1.000000
v 0.064000 0.000000 -0.050000
v 1.936000 0.000000 -0.050000
v 0.064000 0.000000 -0.950000
v 1.936000 0.000000 -0.950000
v 0.220000 0.100000 -0.100000
v 0.298000 0.100000 -0.100000
v 0.376000 0.100000 -0.100000
v 0.454000 0.100000 -0.100000
v 0.532000 0.100000 -0.100000
v 0.610000 0.100000 -0.100000
v 0.688000 0.100000 -0.100000
v 0.766000 0.100000 -0.100000
v 0.844000 0.100000 -0.100000
v 0.922000 0.100000 -0.100000
v 1.000000 0.100000 -0.100000
v 1.078000 0.100000 -0.100000
v 1.156000 0.100000 -0.100000
v 1.234000 0.100000 -0.100000
v 1.312000 0.100000 -0.100000
v 1.390000 0.100000 -0.100000
v 1.468000 0.100000 -0.100000
v 1.546000 0.100000 -0.100000
v 1.624000 0.100000 -0.100000
v 1.702000 0.100000 -0.100000
v 1.780000 0.100000 -0.100000
v 0.142000 0.100000 -0.150000
v 0.220000 0.100000 -0.150000
v 0.298000 0.100000 -0.150000
v 0.376000 0.100000 -0.150000
v 0.454000 0.100000 -0.150000
v 0.532000 0.100000 -0.150000
v 0.610000 0.100000 -0.150000
v 0.688000 0.100000 -0.150000
v 0.766000 0.100000 -0.150000
v 0.844000 0.100000 -0.150000
v 0.922000 0.100000 -0.150000
v 1.000000 0.100000 -0.150000
v 1.078000 0.100000 -0.150000
v 1.156000 0.100000 -0.150000
v 1.234000 0.100000 -0.150000
v 1.312000 0.100000 -0.150000
v 1.390000 0.100000 -0.150000
v 1.468000 0.100000 -0.150000
v 1.546000 0.100000 -0.150000
v 1.624000 0.100000 -0.150000
v 1.702000 0.100000 -0.150000
v 1.780000 0.100000 -0.150000
v 1.858000 0.100000 -0.150000
v 0.142000 0.100000 -0.200000
v 0.220000 0.100000 -0.200000
v 0.298000 0.100000 -0.200000
v 0.376000 0.100000 -0.200000
v 0.454000 0.100000 -0.200000
v 0.532000 0.100000 -0.200000
v 0.610000 0.100000 -0.200000
v 0.688000 0.100000 -0.200000
v 0.766000 0.100000 -0.200000
v 0.844000 0.100000 -0.200000
v 0.922000 0.100000 -0.200000
v 1.000000 0.100000 -0.200000
v 1.078000 0.100000 -0.200000
v 1.156000 0.100000 -0.200000
v 1.234000 0.100000 -0.200000
v 1.312000 0.100000 -0.200000
v 1.390000 0.100000 -0.200000
v 1.468000 0.100000 -0.200000
v 1.546000 0.100000 -0.200000
v 1.624000 0.100000 -0.200000
v 1.702000 0.100000 -0.200000
v 1.780000 0.100000 -0.200000
v 1.858000 0.100000 -0.200000
v 0.142000 0.100000 -0.250000
v 0.220000 0.100000 -0.250000
v 0.298000 0.100000 -0.250000
v 0.376000 0.100000 -0.250000
v 0.454000 0.100000 -0.250000
v 0.532000 0.100000 -0.250000
v 0.610000 0.100000 -0.250000
v 0.688000 0.100000 -0.250000
v 0.766000 0.100000 -0.250000
v 0.844000 0.100000 -0.250000
v 0.922000 0.100000 -0.250000
v 1.000000 0.100000 -0.250000
v 1.078000 0.100000 -0.250000
v 1.156000 0.100000 -0.250000
v 1.234000 0.100000 -0.250000
v 1.312000 0.100000 -0.250000
v 1.390000 0.100000 -0.250000
v 1.468000 0.100000 -0.250000
v 1.546000 0.100000 -0.250000
v 1.624000 0.100000 -0.250000
v 1.702000 0.100000 -0.250000
v 1.780000 0.100000 -0.250000
v 1.858000 0.100000 -0.250000
v 0.142000 0.100000 -0.300000
v 0.220000 0.100000 -0.300000
v 0.298000 0.100000 -0.300000
v 0.376000 0.100000 -0.300000
v 0.454000 0.100000 -0.300000
v 0.532000 0.100000 -0.300000
v 0.610000 0.100000 -0.300000
v 0.688000 0.100000 -0.300000
v 0.766000 0.100000 -0.300000
v 0.844000 0.100000 -0.300000
v 0.922000 0.100000 -0.300000
v 1.000000 0.100000 -0.300000
v 1.078000 0.100000 -0.300000
v 1.156000 0.100000 -0.300000
v 1.234000 0.100000 -0.300000
v 1.312000 0.100000 -0.300000
v 1.390000 0.100000 -0.300000
v 1.468000 0.100000 -0.300000
v 1.546000 0.100000 -0.300000
v 1.624000 0.100000 -0.300000
v 1.702000 0.100000 -0.300000
v 1.780000 0.100000 -0.300000
v 1.858000 0.100000 -0.300000
v 0.142000 0.100000 -0.350000
v 0.220000 0.100000 -0.350000
v 0.298000 0.100000 -0.350000
v 0.376000 0.100000 -0.350000
v 0.454000 0.100000 -0.350000
v 0.532000 0.100000 -0.350000
v 0.610000 0.100000 -0.350000
v 0.688000 0.100000 -0.350000
v 0.766000 0.100000 -0.350000
v 0.844000 0.100000 -0.350000
v 0.922000 0.100000 -0.350000
v 1.000000 0.100000 -0.350000
v 1.078000 0.100000 -0.350000
v 1.156000 0.100000 -0.350000
v 1.234000 0.100000 -0.350000
v 1.312000 0.100000 -0.350000
v 1.390000 0.100000 -0.350000
v 1.468000 0.100000 -0.350000
v 1.546000 0.100000 -0.350000
v 1.624000 0.100000 -0.350000
v 1.702000 0.100000 -0.350000
v 1.780000 0.100000 -0.350000
v 1.858000 0.100000 -0.350000
v 0.142000 0.100000 -0.400000
v 0.220000 0.100000 -0.400000
v 0.298000 0.100000 -0.400000
v 0.376000 0.100000 -0.400000
v 0.454000 0.100000 -0.400000
v 0.532000 0.100000 -0.400000
v 0.610000 0.100000 -0.400000
v 0.688000 0.100000 -0.400000
v 0.766000 0.100000 -0.400000
v 0.844000 0.100000 -0.400000
v 0.922000 0.100000 -0.400000
v 1.000000 0.100000 -0.400000
v 1.078000 0.100000 -0.400000
v 1.156000 0.100000 -0.400000
v 1.234000 0.100000 -0.400000
v 1.312000 0.100000 -0.400000
v 1.390000 0.100000 -0.400000
v 1.468000 0.100000 -0.400000
v 1.546000 0.100000 -0.400000
v 1.624000 0.100000 -0.400000
v 1.702000 0.100000 -0.400000
v 1.780000 0.100000 -0.400000
v 1.858000 0.100000 -0.400000
v 0.142000 0.100000 -0.450000
v 0.220000 0.100000 -0.450000
v 0.298000 0.100000 -0.450000
v 0.376000 0.100000 -0.450000
v 0.454000 0.100000 -0.450000
v 0.532000 0.100000 -0.450000
v 0.610000 0.100000 -0.450000
v 0.688000 0.100000 -0.450000
v 0.766000 0.100000 -0.450000
v 0.844000 0.100000 -0.450000
v 0.922000 0.100000 -0.450000
v 1.000000 0.100000 -0.450000
v 1.078000 0.100000 -0.450000
v 1.156000 0.100000 -0.450000
v 1.234000 0.100000 -0.450000
v 1.312000 0.100000 -0.450000
v 1.390000 0.100000 -0.450000
v 1.468000 0.100000 -0.450000
v 1.546000 0.100000 -0.450000
v 1.624000 0.100000 -0.450000
v 1.702000 0.100000 -0.450000
v 1.780000 0.100000 -0.450000
v 1.858000 0.100000 -0.450000
v 0.142000 0.100000 -0.500000
v 0.220000 0.100000 -0.500000
v 0.298000 0.100000 -0.500000
v 0.376000 0.100000 -0.500000
v 0.454000 0.100000 -0.500000
v 0.532000 0.100000 -0.500000
v 0.610000 0.100000 -0.500000
v 0.688000 0.100000 -0.500000
v 0.766000 0.100000 -0.500000
v 0.844000 0.100000 -0.500000
v 0.922000 0.100000 -0.500000
v 1.000000 0.100000 -0.500000
v 1.078000 0.100000 -0.500000
v 1.156000 0.100000 -0.500000
v 1.234000 0.100000 -0.500000
v 1.312000 0.100000 -0.500000
v 1.390000 0.100000 -0.500000
v 1.468000 0.100000 -0.500000
v 1.546000 0.100000 -0.500000
v 1.624000 0.100000 -0.500000
v 1.702000 0.100000 -0.500000
v 1.780000 0.100000 -0.500000
v 1.858000 0.100000 -0.500000
v 0.142000 0.100000 -0.550000
v 0.220000 0.100000 -0.550000
v 0.298000 0.100000 -0.550000
v 0.376000 0.100000 -0.550000
v 0.454000 0.100000 -0.550000
v 0.532000 0.100000 -0.550000
v 0.610000 0.100000 -0.550000
v 0.688000 0.100000 -0.550000
v 0.766000 0.100000 -0.550000
v 0.844000 0.100000 -0.550000
v 0.922000 0.100000 -0.550000
v 1.000000 0.100000 -0.550000
v 1.078000 0.100000 -0.550000
v 1.156000 0.100000 -0.550000
v 1.234000 0.100000 -0.550000
v 1.312000 0.100000 -0.550000
v 1.390000 0.100000 -0.550000
v 1.468000 0.100000 -0.550000
v 1.546000 0.100000 -0.550000
v 1.624000 0.100000 -0.550000
v 1.702000 0.100000 -0.550000
v 1.780000 0.100000 -0.550000
v 1.858000 0.100000 -0.550000
v 0.142000 0.100000 -0.600000
v 0.220000 0.100000 -0.600000
v 0.298000 0.100000 -0.600000
v 0.376000 0.100000 -0.600000
v 0.454000 0.100000 -0.600000
v 0.532000 0.100000 -0.600000
v 0.610000 0.100000 -0.600000
v 0.688000 0.100000 -0.600000
v 0.766000 0.100000 -0.600000
v 0.844000 0.100000 -0.600000
v 0.922000 0.100000 -0.600000
v 1.000000 0.100000 -0.600000
v 1.078000 0.100000 -0.600000
v 1.156000 0.100000 -0.600000
v 1.234000 0.100000 -0.600000
v 1.312000 0.100000 -0.600000
v 1.390000 0.100000 -0.600000
v 1.468000 0.100000 -0.600000
v 1.546000 0.100000 -0.600000
v 1.624000 0.100000 -0.600000
v 1.702000 0.100000 -0.600000
v 1.780000 0.100000 -0.600000
v 1.858000 0.100000 -0.600000
v 0.142000 0.100000 -0.650000
v 0.220000 0.100000 -0.650000
v 0.298000 0.100000 -0.650000
v 0.376000 0.100000 -0.650000
v 0.454000 0.100000 -0.650000
v 0.532000 0.100000 -0.650000
v 0.610000 0.100000 -0.650000
v 0.688000 0.100000 -0.650000
v 0.766000 0.100000 -0.650000
v 0.844000 0.100000 -0.650000
v 0.922000 0.100000 -0.650000
v 1.000000 0.100000 -0.650000
v 1.078000 0.100000 -0.650000
v 1.156000 0.100000 -0.650000
v 1.234000 0.100000 -0.650000
v 1.312000 0.100000 -0.650000
v 1.390000 0.100000 -0.650000
v 1.468000 0.100000 -0.650000
v 1.546000 0.100000 -0.650000
v 1.624000 0.100000 -0.650000
v 1.702000 0.100000 -0.650000
v 1.780000 0.100000 -0.650000
v 1.858000 0.100000 -0.650000
v 0.142000 0.100000 -0.700000
v 0.220000 0.100000 -0.700000
v 0.298000 0.100000 -0.700000
v 0.376000 0.100000 -0.700000
v 0.454000 0.100000 -0.700000
v 0.532000 0.100000 -0.700000
v 0.610000 0.100000 -0.700000
v 0.688000 0.100000 -0.700000
v 0.766000 0.100000 -0.700000
v 0.844000 0.100000 -0.700000
v 0.922000 0.100000 -0.700000
v 1.000000 0.100000 -0.700000
v 1.078000 0.100000 -0.700000
v 1.156000 0.100000 -0.700000
v 1.234000 0.100000 -0.700000
v 1.312000 0.100000 -0.700000
v 1.390000 0.100000 -0.700000
v 1.468000 0.100000 -0.700000
v 1.546000 0.100000 -0.700000
v 1.624000 0.100000 -0.700000
v 1.702000 0.100000 -0.700000
v 1.780000 0.100000 -0.700000
v 1.858000 0.100000 -0.700000
v 0.142000 0.100000 -0.750000
v 0.220000 0.100000 -0.750000
v 0.298000 0.100000 -0.750000
v 0.376000 0.100000 -0.750000
v 0.454000 0.100000 -0.750000
v 0.532000 0.100000 -0.750000
v 0.610000 0.100000 -0.750000
v 0.688000 0.100000 -0.750000
v 0.766000 0.100000 -0.750000
v 0.844000 0.100000 -0.750000
v 0.922000 0.100000 -0.750000
v 1.000000 0.100000 -0.750000
v 1.078000 0.100000 -0.750000
v 1.156000 0.100000 -0.750000
v 1.234000 0.100000 -0.750000
v 1.312000 0.100000 -0.750000
v 1.390000 0.100000 -0.750000
v 1.468000 0.100000 -0.750000
v 1.546000 0.100000 -0.750000
v 1.624000 0.100000 -0.750000
v 1.702000 0.100000 -0.750000
v 1.780000 0.100000 -0.750000
v 1.858000 0.100000 -0.750000
v 0.142000 0.100000 -0.800000
v 0.220000 0.100000 -0.800000
v 0.298000 0.100000 -0.800000
v 0.376000 0.100000 -0.800000
v 0.454000 0.100000 -0.800000
v 0.532000 0.100000 -0.800000
v 0.610000 0.100000 -0.800000
v 0.688000 0.100000 -0.800000
v 0.766000 0.100000 -0.800000
v 0.844000 0.100000 -0.800000
v 0.922000 0.100000 -0.800000
v 1.000000 0.100000 -0.800000
v 1.078000 0.100000 -0.800000
v 1.156000 0.100000 -0.800000
v 1.234000 0.100000 -0.800000
v 1.312000 0.100000 -0.800000
v 1.390000 0.100000 -0.800000
v 1.468000 0.100000 -0.800000
v 1.546000 0.100000 -0.800000
v 1.624000 0.100000 -0.800000
v 1.702000 0.100000 -0.800000
v 1.780000 0.100000 -0.800000
v 1.858000 0.100000 -0.800000
v 0.142000 0.100000 -0.850000
v 0.220000 0.100000 -0.850000
v 0.298000 0.100000 -0.850000
v 0.376000 0.100000 -0.850000
v 0.454000 0.100000 -0.850000
v 0.532000 0.100000 -0.850000
v 0.610000 0.100000 -0.850000
v 0.688000 0.100000 -0.850000
v 0.766000 0.100000 -0.850000
v 0.844000 0.100000 -0.850000
v 0.922000 0.100000 -0.850000
v 1.000000 0.100000 -0.850000
v 1.078000 0.100000 -0.850000
v 1.156000 0.100000 -0.850000
v 1.234000 0.100000 -0.850000
v 1.312000 0.100000 -0.850000
v 1.390000 0.100000 -0.850000
v 1.468000 0.100000 -0.850000
v 1.546000 0.100000 -0.850000
v 1.624000 0.100000 -0.850000
v 1.702000 0.100000 -0.850000
v 1.780000 0.100000 -0.850000
v 1.858000 0.100000 -0.850000
v 0.220000 0.100000 -0.900000
v 0.298000 0.100000 -0.900000
v 0.376000 0.100000 -0.900000
v 0.454000 0.100000 -0.900000
v 0.532000 0.100000 -0.900000
v 0.610000 0.100000 -0.900000
v 0.688000 0.100000 -0.900000
v 0.766000 0.100000 -0.900000
v 0.844000 0.100000 -0.900000
v 0.922000 0.100000 -0.900000
v 1.000000 0.100000 -0.900000
v 1.078000 0.100000 -0.900000
v 1.156000 0.100000 -0.900000
v 1.234000 0.100000 -0.900000
v 1.312000 0.100000 -0.900000
v 1.390000 0.100000 -0.900000
v 1.468000 0.100000 -0.900000
v 1.546000 0.100000 -0.900000
v 1.624000 0.100000 -0.900000
v 1.702000 0.100000 -0.900000
v 1.780000 0.100000 -0.900000
v 0.220000 1.300000 -0.100000
v 0.298000 1.300000 -0.100000
v 0.376000 1.300000 -0.100000
v 0.454000 1.300000 -0.100000
v 0.532000 1.300000 -0.100000
v 0.610000 1.300000 -0.100000
v 0.688000 1.300000 -0.100000
v 0.766000 1.300000 -0.100000
v 0.844000 1.300000 -0.100000
v 0.922000 1.300000 -0.100000
v 1.000000 1.300000 -0.100000
v 1.078000 1.300000 -0.100000
v 1.156000 1.300000 -0.100000
v 1.234000 1.300000 -0.100000
v 1.312000 1.300000 -0.100000
v 1.390000 1.300000 -0.100000
v 1.468000 1.300000 -0.100000
v 1.546000 1.300000 -0.100000
v 1.624000 1.300000 -0.100000
v 1.702000 1.300000 -0.100000
v 1.780000 1.300000 -0.100000
v 0.142000 1.300000 -0.150000
v 0.220000 1.300000 -0.150000
v 0.298000 1.300000 -0.150000
v 0.376000 1.300000 -0.150000
v 0.454000 1.300000 -0.150000
v 0.532000 1.300000 -0.150000
v 0.610000 1.300000 -0.150000
v 0.688000 1.300000 -0.150000
v 0.766000 1.300000 -0.150000
v 0.844000 1.300000 -0.150000
v 0.922000 1.300000 -0.150000
v 1.000000 1.300000 -0.150000
v 1.078000 1.300000 -0.150000
v 1.156000 1.300000 -0.150000
v 1.234000 1.300000 -0.150000
v 1.312000 1.300000 -0.150000
v 1.390000 1.300000 -0.150000
v 1.468000 1.300000 -0.150000
v 1.546000 1.300000 -0.150000
v 1.624000 1.300000 -0.150000
v 1.702000 1.300000 -0.150000
v 1.780000 1.300000 -0.150000
v 1.858000 1.300000 -0.150000
v 0.142000 1.300000 -0.200000
v 0.220000 1.300000 -0.200000
v 0.298000 1.300000 -0.200000
v 0.376000 1.300000 -0.200000
v 0.454000 1.300000 -0.200000
v 0.532000 1.300000 -0.200000
v 0.610000 1.300000 -0.200000
v 0.688000 1.300000 -0.200000
v 0.766000 1.300000 -0.200000
v 0.844000 1.300000 -0.200000
v 0.922000 1.300000 -0.200000
v 1.000000 1.300000 -0.200000
v 1.078000 1.300000 -0.200000
v 1.156000 1.300000 -0.200000
v 1.234000 1.300000 -0.200000
v 1.312000 1.300000 -0.200000
v 1.390000 1.300000 -0.200000
v 1.468000 1.300000 -0.200000
v 1.546000 1.300000 -0.200000
v 1.624000 1.300000 -0.200000
v 1.702000 1.300000 -0.200000
v 1.780000 1.300000 -0.200000
v 1.858000 1.300000 -0.200000
v 0.142000 1.300000 -0.250000
v 0.220000 1.300000 -0.250000
v 0.298000 1.300000 -0.250000
v 0.376000 1.300000 -0.250000
v 0.454000 1.300000 -0.250000
v 0.532000 1.300000 -0.250000
v 0.610000 1.300000 -0.250000
v 0.688000 1.300000 -0.250000
v 0.766000 1.300000 -0.250000
v 0.844000 1.300000 -0.250000
v 0.922000 1.300000 -0.250000
v 1.000000 1.300000 -0.250000
v 1.078000 1.300000 -0.250000
v 1.156000 1.300000 -0.250000
v 1.234000 1.300000 -0.250000
v 1.312000 1.300000 -0.250000
v 1.390000 1.300000 -0.250000
v 1.468000 1.300000 -0.250000
v 1.546000 1.300000 -0.250000
v 1.624000 1.300000 -0.250000
v 1.702000 1.300000 -0.250000
v 1.780000 1.300000 -0.250000
v 1.858000 1.300000 -0.250000
v 0.142000 1.300000 -0.300000
v 0.220000 1.300000 -0.300000
v 0.298000 1.300000 -0.300000
v 0.376000 1.300000 -0.300000
v 0.454000 1.300000 -0.300000
v 0.532000 1.300000 -0.300000
v 0.610000 1.300000 -0.300000
v 0.688000 1.300000 -0.300000
v 0.766000 1.300000 -0.300000
v 0.844000 1.300000 -0.300000
v 0.922000 1.300000 -0.300000
v 1.000000 1.300000 -0.300000
v 1.078000 1.300000 -0.300000
v 1.156000 1.300000 -0.300000
v 1.234000 1.300000 -0.300000
v 1.312000 1.300000 -0.300000
v 1.390000 1.300000 -0.300000
v 1.468000 1.300000 -0.300000
v 1.546000 1.300000 -0.300000
v 1.624000 1.300000 -0.300000
v 1.702000 1.300000 -0.300000
v 1.780000 1.300000 -0.300000
v 1.858000 1.300000 -0.300000
v 0.142000 1.300000 -0.350000
v 0.220000 1.300000 -0.350000
v 0.298000 1.300000 -0.350000
v 0.376000 1.300000 -0.350000
v 0.454000 1.300000 -0.350000
v 0.532000 1.300000 -0.350000
v 0.610000 1.300000 -0.350000
v 0.688000 1.300000 -0.350000
v 0.766000 1.300000 -0.350000
v 0.844000 1.300000 -0.350000
v 0.922000 1.300000 -0.350000
v 1.000000 1.300000 -0.350000
v 1.078000 1.300000 -0.350000
v 1.156000 1.300000 -0.350000
v 1.234000 1.300000 -0.350000
v 1.312000 1.300000 -0.350000
v 1.390000 1.300000 -0.350000
v 1.468000 1.300000 -0.350000
v 1.546000 1.300000 -0.350000
v 1.624000 1.300000 -0.350000
v 1.702000 1.300000 -0.350000
v 1.780000 1.300000 -0.350000
v 1.858000 1.300000 -0.350000
v 0.142000 1.300000 -0.400000
v 0.220000 1.300000 -0.400000
v 0.298000 1.300000 -0.400000
v 0.376000 1.300000 -0.400000
v 0.454000 1.300000 -0.400000
v 0.532000 1.300000 -0.400000
v 0.610000 1.300000 -0.400000
v 0.688000 1.300000 -0.400000
v 0.766000 1.300000 -0.400000
v 0.844000 1.300000 -0.400000
v 0.922000 1.300000 -0.400000
v 1.000000 1.300000 -0.400000
v 1.078000 1.300000 -0.400000
v 1.156000 1.300000 -0.400000
v 1.234000 1.300000 -0.400000
v 1.312000 1.300000 -0.400000
v 1.390000 1.300000 -0.400000
v 1.468000 1.300000 -0.400000
v 1.546000 1.300000 -0.400000
v 1.624000 1.300000 -0.400000
v 1.702000 1.300000 -0.400000
v 1.780000 1.300000 -0.400000
v 1.858000 1.300000 -0.400000
v 0.142000 1.300000 -0.450000
v 0.220000 1.300000 -0.450000
v 0.298000 1.300000 -0.450000
v 0.376000 1.300000 -0.450000
v 0.454000 1.300000 -0.450000
v 0.532000 1.300000 -0.450000
v 0.610000 1.300000 -0.450000
v 0.688000 1.300000 -0.450000
v 0.766000 1.300000 -0.450000
v 0.844000 1.300000 -0.450000
v 0.922000 1.300000 -0.450000
v 1.000000 1.300000 -0.450000
v 1.078000 1.300000 -0.450000
v 1.156000 1.300000 -0.450000
v 1.234000 1.300000 -0.450000
v 1.312000 1.300000 -0.450000
v 1.390000 1.300000 -0.450000
v 1.468000 1.300000 -0.450000
v 1.546000 1.300000 -0.450000
v 1.624000 1.300000 -0.450000
v 1.702000 1.300000 -0.450000
v 1.780000 1.300000 -0.450000
v 1.858000 1.300000 -0.450000
v 0.142000 1.300000 -0.500000
v 0.220000 1.300000 -0.500000
v 0.298000 1.300000 -0.500000
v 0.376000 1.300000 -0.500000
v 0.454000 1.300000 -0.500000
v 0.532000 1.300000 -0.500000
v 0.610000 1.300000 -0.500000
v 0.688000 1.300000 -0.500000
v 0.766000 1.300000 -0.500000
v 0.844000 1.300000 -0.500000
v 0.922000 1.300000 -0.500000
v 1.000000 1.300000 -0.500000
v 1.078000 1.300000 -0.500000
v 1.156000 1.300000 -0.500000
v 1.234000 1.300000 -0.500000
v 1.312000 1.300000 -0.500000
v 1.390000 1.300000 -0.500000
v 1.468000 1.300000 -0.500000
v 1.546000 1.300000 -0.500000
v 1.624000 1.300000 -0.500000
v 1.702000 1.300000 -0.500000
v 1.780000 1.300000 -0.500000
v 1.858000 1.300000 -0.500000
v 0.142000 1.300000 -0.550000
v 0.220000 1.300000 -0.550000
v 0.298000 1.300000 -0.550000
v 0.376000 1.300000 -0.550000
v 0.454000 1.300000 -0.550000
v 0.532000 1.300000 -0.550000
v 0.610000 1.300000 -0.550000
v 0.688000 1.300000 -0.550000
v 0.766000 1.300000 -0.550000
v 0.844000 1.300000 -0.550000
v 0.922000 1.300000 -0.550000
v 1.000000 1.300000 -0.550000
v 1.078000 1.300000 -0.550000
v 1.156000 1.300000 -0.550000
v 1.234000 1.300000 -0.550000
v 1.312000 1.300000 -0.550000
v 1.390000 1.300000 -0.550000
v 1.468000 1.300000 -0.550000
v 1.546000 1.300000 -0.550000
v 1.624000 1.300000 -0.550000
v 1.702000 1.300000 -0.550000
v 1.780000 1.300000 -0.550000
v 1.858000 1.300000 -0.550000
v 0.142000 1.300000 -0.600000
v 0.220000 1.300000 -0.600000
v 0.298000 1.300000 -0.600000
v 0.376000 1.300000 -0.600000
v 0.454000 1.300000 -0.600000
v 0.532000 1.300000 -0.600000
v 0.610000 1.300000 -0.600000
v 0.688000 1.300000 -0.600000
v 0.766000 1.300000 -0.600000
v 0.844000 1.300000 -0.600000
v 0.922000 1.300000 -0.600000
v 1.000000 1.300000 -0.600000
v 1.078000 1.300000 -0.600000
v 1.156000 1.300000 -0.600000
v 1.234000 1.300000 -0.600000
v 1.312000 1.300000 -0.600000
v 1.390000 1.300000 -0.600000
v 1.468000 1.300000 -0.600000
v 1.546000 1.300000 -0.600000
v 1.624000 1.300000 -0.600000
v 1.702000 1.300000 -0.600000
v 1.780000 1.300000 -0.600000
v 1.858000 1.300000 -0.600000
v 0.142000 1.300000 -0.650000
v 0.220000 1.300000 -0.650000
v 0.298000 1.300000 -0.650000
v 0.376000 1.300000 -0.650000
v 0.454000 1.300000 -0.650000
v 0.532000 1.300000 -0.650000
v 0.610000 1.300000 -0.650000
v 0.688000 1.300000 -0.650000
v 0.766000 1.300000 -0.650000
v 0.844000 1.300000 -0.650000
v 0.922000 1.300000 -0.650000
v 1.000000 1.300000 -0.650000
v 1.078000 1.300000 -0.650000
v 1.156000 1.300000 -0.650000
v 1.234000 1.300000 -0.650000
v 1.312000 1.300000 -0.650000
v 1.390000 1.300000 -0.650000
v 1.468000 1.300000 -0.650000
v 1.546000 1.300000 -0.650000
v 1.624000 1.300000 -0.650000
v 1.702000 1.300000 -0.650000
v 1.780000 1.300000 -0.650000
v 1.858000 1.300000 -0.650000
v 0.142000 1.300000 -0.700000
v 0.220000 1.300000 -0.700000
v 0.298000 1.300000 -0.700000
v 0.376000 1.300000 -0.700000
v 0.454000 1.300000 -0.700000
v 0.532000 1.300000 -0.700000
v 0.610000 1.300000 -0.700000
v 0.688000 1.300000 -0.700000
v 0.766000 1.300000 -0.700000
v 0.844000 1.300000 -0.700000
v 0.922000 1.300000 -0.700000
v 1.000000 1.300000 -0.700000
v 1.078000 1.300000 -0.700000
v 1.156000 1.300000 -0.700000
v 1.234000 1.300000 -0.700000
v 1.312000 1.300000 -0.700000
v 1.390000 1.300000 -0.700000
v 1.468000 1.300000 -0.700000
v 1.546000 1.300000 -0.700000
v 1.624000 1.300000 -0.700000
v 1.702000 1.300000 -0.700000
v 1.780000 1.300000 -0.700000
v 1.858000 1.300000 -0.700000
v 0.142000 1.300000 -0.750000
v 0.220000 1.300000 -0.750000
v 0.298000 1.300000 -0.750000
v 0.376000 1.300000 -0.750000
v 0.454000 1.300000 -0.750000
v 0.532000 1.300000 -0.750000
v 0.610000 1.300000 -0.750000
v 0.688000 1.300000 -0.750000
v 0.766000 1.300000 -0.750000
v 0.844000 1.300000 -0.750000
v 0.922000 1.300000 -0.750000
v 1.000000 1.300000 -0.750000
v 1.078000 1.300000 -0.750000
v 1.156000 1.300000 -0.750000
v 1.234000 1.300000 -0.750000
v 1.312000 1.300000 -0.750000
v 1.390000 1.300000 -0.750000
v 1.468000 1.300000 -0.750000
v 1.546000 1.300000 -0.750000
v 1.624000 1.300000 -0.750000
v 1.702000 1.300000 -0.750000
v 1.780000 1.300000 -0.750000
v 1.858000 1.300000 -0.750000
v 0.142000 1.300000 -0.800000
v 0.220000 1.300000 -0.800000
v 0.298000 1.300000 -0.800000
v 0.376000 1.300000 -0.800000
v 0.454000 1.300000 -0.800000
v 0.532000 1.300000 -0.800000
v 0.610000 1.300000 -0.800000
v 0.688000 1.300000 -0.800000
v 0.766000 1.300000 -0.800000
v 0.844000 1.300000 -0.800000
v 0.922000 1.300000 -0.800000
v 1.000000 1.300000 -0.800000
v 1.078000 1.300000 -0.800000
v 1.156000 1.300000 -0.800000
v 1.234000 1.300000 -0.800000
v 1.312000 1.300000 -0.800000
v 1.390000 1.300000 -0.800000
v 1.468000 1.300000 -0.800000
v 1.546000 1.300000 -0.800000
v 1.624000 1.300000 -0.800000
v 1.702000 1.300000 -0.800000
v 1.780000 1.300000 -0.800000
v 1.858000 1.300000 -0.800000
v 0.142000 1.300000 -0.850000
v 0.220000 1.300000 -0.850000
v 0.298000 1.300000 -0.850000
v 0.376000 1.300000 -0.850000
v 0.454000 1.300000 -0.850000
v 0.532000 1.300000 -0.850000
v 0.610000 1.300000 -0.850000
v 0.688000 1.300000 -0.850000
v 0.766000 1.300000 -0.850000
v 0.844000 1.300000 -0.850000
v 0.922000 1.300000 -0.850000
v 1.000000 1.300000 -0.850000
v 1.078000 1.300000 -0.850000
v 1.156000 1.300000 -0.850000
v 1.234000 1.300000 -0.850000
v 1.312000 1.300000 -0.850000
v 1.390000 1.300000 -0.850000
v 1.468000 1.300000 -0.850000
v 1.546000 1.300000 -0.850000
v 1.624000 1.300000 -0.850000
v 1.702000 1.300000 -0.850000
v 1.780000 1.300000 -0.850000
v 1.858000 1.300000 -0.850000
v 0.220000 1.300000 -0.900000
v 0.298000 1.300000 -0.900000
v 0.376000 1.300000 -0.900000
v 0.454000 1.300000 -0.900000
v 0.532000 1.300000 -0.900000
v 0.610000 1.300000 -0.900000
v 0.688000 1.300000 -0.900000
v 0.766000 1.300000 -0.900000
v 0.844000 1.300000 -0.900000
v 0.922000 1.300000 -0.900000
v 1.000000 1.300000 -0.900000
v 1.078000 1.300000 -0.900000
v 1.156000 1.300000 -0.900000
v 1.234000 1.300000 -0.900000
v 1.312000 1.300000 -0.900000
v 1.390000 1.300000 -0.900000
v 1.468000 1.300000 -0.900000
v 1.546000 1.300000 -0.900000
v 1.624000 1.300000 -0.900000
v 1.702000 1.300000 -0.900000
v 1.780000 1.300000 -0.900000
v 0.220000 0.200000 -0.100000
v 0.298000 0.200000 -0.100000
v 0.376000 0.200000 -0.100000
v 0.454000 0.200000 -0.100000
v 0.532000 0.200000 -0.100000
v 0.610000 0.200000 -0.100000
v 0.688000 0.200000 -0.100000
v 0.766000 0.200000 -0.100000
v 0.844000 0.200000 -0.100000
v 0.922000 0.200000 -0.100000
v 1.000000 0.200000 -0.100000
v 1.078000 0.200000 -0.100000
v 1.156000 0.200000 -0.100000
v 1.234000 0.200000 -0.100000
v 1.312000 0.200000 -0.100000
v 1.390000 0.200000 -0.100000
v 1.468000 0.200000 -0.100000
v 1.546000 0.200000 -0.100000
v 1.624000 0.200000 -0.100000
v 1.702000 0.200000 -0.100000
v 1.780000 0.200000 -0.100000
v 0.142000 0.200000 -0.150000
v 0.220000 0.200000 -0.150000
v 0.298000 0.200000 -0.150000
v 0.376000 0.200000 -0.150000
v 0.454000 0.200000 -0.150000
v 0.532000 0.200000 -0.150000
v 0.610000 0.200000 -0.150000
v 0.688000 0.200000 -0.150000
v 0.766000 0.200000 -0.150000
v 0.844000 0.200000 -0.150000
v 0.922000 0.200000 -0.150000
v 1.000000 0.200000 -0.150000
v 1.078000 0.200000 -0.150000
v 1.156000 0.200000 -0.150000
v 1.234000 0.200000 -0.150000
v 1.312000 0.200000 -0.150000
v 1.390000 0.200000 -0.150000
v 1.468000 0.200000 -0.150000
v 1.546000 0.200000 -0.150000
v 1.624000 0.200000 -0.150000
v 1.702000 0.200000 -0.150000
v 1.780000 0.200000 -0.150000
v 1.858000 0.200000 -0.150000
v 0.142000 0.200000 -0.200000
v 0.220000 0.200000 -0.200000
v 0.298000 0.200000 -0.200000
v 0.376000 0.200000 -0.200000
v 0.454000 0.200000 -0.200000
v 0.532000 0.200000 -0.200000
v 0.610000 0.200000 -0.200000
v 0.688000 0.200000 -0.200000
v 0.766000 0.200000 -0.200000
v 0.844000 0.200000 -0.200000
v 0.922000 0.200000 -0.200000
v 1.000000 0.200000 -0.200000
v 1.078000 0.200000 -0.200000
v 1.156000 0.200000 -0.200000
v 1.234000 0.200000 -0.200000
v 1.312000 0.200000 -0.200000
v 1.390000 0.200000 -0.200000
v 1.468000 0.200000 -0.200000
v 1.546000 0.200000 -0.200000
v 1.624000 0.200000 -0.200000
v 1.702000 0.200000 -0.200000
v 1.780000 0.200000 -0.200000
v 1.858000 0.200000 -0.200000
v 0.142000 0.200000 -0.250000
v 0.220000 0.200000 -0.250000
v 0.298000 0.200000 -0.250000
v 0.376000 0.200000 -0.250000
v 0.454000 0.200000 -0.250000
v 0.532000 0.200000 -0.250000
v 0.610000 0.200000 -0.250000
v 0.688000 0.200000 -0.250000
v 0.766000 0.200000 -0.250000
v 0.844000 0.200000 -0.250000
v 0.922000 0.200000 -0.250000
v 1.000000 0.200000 -0.250000
v 1.078000 0.200000 -0.250000
v 1.156000 0.200000 -0.250000
v 1.234000 0.200000 -0.250000
v 1.312000 0.200000 -0.250000
v 1.390000 0.200000 -0.250000
v 1.468000 0.200000 -0.250000
v 1.546000 0.200000 -0.250000
v 1.624000 0.200000 -0.250000
v 1.702000 0.200000 -0.250000
v 1.780000 0.200000 -0.250000
v 1.858000 0.200000 -0.250000
v 0.142000 0.200000 -0.300000
v 0.220000 0.200000 -0.300000
v 0.298000 0.200000 -0.300000
v 0.376000 0.200000 -0.300000
v 0.454000 0.200000 -0.300000
v 0.532000 0.200000 -0.300000
v 0.610000 0.200000 -0.300000
v 0.688000 0.200000 -0.300000
v 0.766000 0.200000 -0.300000
v 0.844000 0.200000 -0.300000
v 0.922000 0.200000 -0.300000
v 1.000000 0.200000 -0.300000
v 1.078000 0.200000 -0.300000
v 1.156000 0.200000 -0.300000
v 1.234000 0.200000 -0.300000
v 1.312000 0.200000 -0.300000
v 1.390000 0.200000 -0.300000
v 1.468000 0.200000 -0.300000
v 1.546000 0.200000 -0.300000
v 1.624000 0.200000 -0.300000
v 1.702000 0.200000 -0.300000
v 1.780000 0.200000 -0.300000
v 1.858000 0.200000 -0.300000
v 0.142000 0.200000 -0.350000
v 0.220000 0.200000 -0.350000
v 0.298000 0.200000 -0.350000
v 0.376000 0.200000 -0.350000
v 0.454000 0.200000 -0.350000
v 0.532000 0.200000 -0.350000
v 0.610000 0.200000 -0.350000
v 0.688000 0.200000 -0.350000
v 0.766000 0.200000 -0.350000
v 0.844000 0.200000 -0.350000
v 0.922000 0.200000 -0.350000
v 1.000000 0.200000 -0.350000
v 1.078000 0.200000 -0.350000
v 1.156000 0.200000 -0.350000
v 1.234000 0.200000 -0.350000
v 1.312000 0.200000 -0.350000
v 1.390000 0.200000 -0.350000
v 1.468000 0.200000 -0.350000
v 1.546000 0.200000 -0.350000
v 1.624000 0.200000 -0.350000
v 1.702000 0.200000 -0.350000
v 1.780000 0.200000 -0.350000
v 1.858000 0.200000 -0.350000
v 0.142000 0.200000 -0.400000
v 0.220000 0.200000 -0.400000
v 0.298000 0.200000 -0.400000
v 0.376000 0.200000 -0.400000
v 0.454000 0.200000 -0.400000
v 0.532000 0.200000 -0.400000
v 0.610000 0.200000 -0.400000
v 0.688000 0.200000 -0.400000
v 0.766000 0.200000 -0.400000
v 0.844000 0.200000 -0.400000
v 0.922000 0.200000 -0.400000
v 1.000000 0.200000 -0.400000
v 1.078000 0.200000 -0.400000
v 1.156000 0.200000 -0.400000
v 1.234000 0.200000 -0.400000
v 1.312000 0.200000 -0.400000
v 1.390000 0.200000 -0.400000
v 1.468000 0.200000 -0.400000
v 1.546000 0.200000 -0.400000
v 1.624000 0.200000 -0.400000
v 1.702000 0.200000 -0.400000
v 1.780000 0.200000 -0.400000
v 1.858000 0.200000 -0.400000
v 0.142000 0.200000 -0.450000
v 0.220000 0.200000 -0.450000
v 0.298000 0.200000 -0.450000
v 0.376000 0.200000 -0.450000
v 0.454000 0.200000 -0.450000
v 0.532000 0.200000 -0.450000
v 0.610000 0.200000 -0.450000
v 0.688000 0.200000 -0.450000
v 0.766000 0.200000 -0.450000
v 0.844000 0.200000 -0.450000
v 0.922000 0.200000 -0.450000
v 1.000000 0.200000 -0.450000
v 1.078000 0.200000 -0.450000
v 1.156000 0.200000 -0.450000
v 1.234000 0.200000 -0.450000
v 1.312000 0.200000 -0.450000
v 1.390000 0.200000 -0.450000
v 1.468000 0.200000 -0.450000
v 1.546000 0.200000 -0.450000
v 1.624000 0.200000 -0.450000
v 1.702000 0.200000 -0.450000
v 1.780000 0.200000 -0.450000
v 1.858000 0.200000 -0.450000
v 0.142000 0.200000 -0.500000
v 0.220000 0.200000 -0.500000
v 0.298000 0.200000 -0.500000
v 0.376000 0.200000 -0.500000
v 0.454000 0.200000 -0.500000
v 0.532000 0.200000 -0.500000
v 0.610000 0.200000 -0.500000
v 0.688000 0.200000 -0.500000
v 0.766000 0.200000 -0.500000
v 0.844000 0.200000 -0.500000
v 0.922000 0.200000 -0.500000
v 1.000000 0.200000 -0.500000
v 1.078000 0.200000 -0.500000
v 1.156000 0.200000 -0.500000
v 1.234000 0.200000 -0.500000
v 1.312000 0.200000 -0.500000
v 1.390000 0.200000 -0.500000
v 1.468000 0.200000 -0.500000
v 1.546000 0.200000 -0.500000
v 1.624000 0.200000 -0.500000
v 1.702000 0.200000 -0.500000
v 1.780000 0.200000 -0.500000
v 1.858000 0.200000 -0.500000
v 0.142000 0.200000 -0.550000
v 0.220000 0.200000 -0.550000
v 0.298000 0.200000 -0.550000
v 0.376000 0.200000 -0.550000
v 0.454000 0.200000 -0.550000
v 0.532000 0.200000 -0.550000
v 0.610000 0.200000 -0.550000
v 0.688000 0.200000 -0.550000
v 0.766000 0.200000 -0.550000
v 0.844000 0.200000 -0.550000
v 0.922000 0.200000 -0.550000
v 1.000000 0.200000 -0.550000
v 1.078000 0.200000 -0.550000
v 1.156000 0.200000 -0.550000
v 1.234000 0.200000 -0.550000
v 1.312000 0.200000 -0.550000
v 1.390000 0.200000 -0.550000
v 1.468000 0.200000 -0.550000
v 1.546000 0.200000 -0.550000
v 1.624000 0.200000 -0.550000
v 1.702000 0.200000 -0.550000
v 1.780000 0.200000 -0.550000
v 1.858000 0.200000 -0.550000
v 0.142000 0.200000 -0.600000
v 0.220000 0.200000 -0.600000
v 0.298000 0.200000 -0.600000
v 0.376000 0.200000 -0.600000
v 0.454000 0.200000 -0.600000
v 0.532000 0.200000 -0.600000
v 0.610000 0.200000 -0.600000
v 0.688000 0.200000 -0.600000
v 0.766000 0.200000 -0.600000
v 0.844000 0.200000 -0.600000
v 0.922000 0.200000 -0.600000
v 1.000000 0.200000 -0.600000
v 1.078000 0.200000 -0.600000
v 1.156000 0.200000 -0.600000
v 1.234000 0.200000 -0.600000
v 1.312000 0.200000 -0.600000
v 1.390000 0.200000 -0.600000
v 1.468000 0.200000 -0.600000
v 1.546000 0.200000 -0.600000
v 1.624000 0.200000 -0.600000
v 1.702000 0.200000 -0.600000
v 1.780000 0.200000 -0.600000
v 1.858000 0.200000 -0.600000
v 0.142000 0.200000 -0.650000
v 0.220000 0.200000 -0.650000
v 0.298000 0.200000 -0.650000
v 0.376000 0.200000 -0.650000
v 0.454000 0.200000 -0.650000
v 0.532000 0.200000 -0.650000
v 0.610000 0.200000 -0.650000
v 0.688000 0.200000 -0.650000
v 0.766000 0.200000 -0.650000
v 0.844000 0.200000 -0.650000
v 0.922000 0.200000 -0.650000
v 1.000000 0.200000 -0.650000
v 1.078000 0.200000 -0.650000
v 1.156000 0.200000 -0.650000
v 1.234000 0.200000 -0.650000
v 1.312000 0.200000 -0.650000
v 1.390000 0.200000 -0.650000
v 1.468000 0.200000 -0.650000
v 1.546000 0.200000 -0.650000
v 1.624000 0.200000 -0.650000
v 1.702000 0.200000 -0.650000
v 1.780000 0.200000 -0.650000
v 1.858000 0.200000 -0.650000
v 0.142000 0.200000 -0.700000
v 0.220000 0.200000 -0.700000
v 0.298000 0.200000 -0.700000
v 0.376000 0.200000 -0.700000
v 0.454000 0.200000 -0.700000
v 0.532000 0.200000 -0.700000
v 0.610000 0.200000 -0.700000
v 0.688000 0.200000 -0.700000
v 0.766000 0.200000 -0.700000
v 0.844000 0.200000 -0.700000
v 0.922000 0.200000 -0.700000
v 1.000000 0.200000 -0.700000
v 1.078000 0.200000 -0.700000
v 1.156000 0.200000 -0.700000
v 1.234000 0.200000 -0.700000
v 1.312000 0.200000 -0.700000
v 1.390000 0.200000 -0.700000
v 1.468000 0.200000 -0.700000
v 1.546000 0.200000 -0.700000
v 1.624000 0.200000 -0.700000
v 1.702000 0.200000 -0.700000
v 1.780000 0.200000 -0.700000
v 1.858000 0.200000 -0.700000
v 0.142000 0.200000 -0.750000
v 0.220000 0.200000 -0.750000
v 0.298000 0.200000 -0.750000
v 0.376000 0.200000 -0.750000
v 0.454000 0.200000 -0.750000
v 0.532000 0.200000 -0.750000
v 0.610000 0.200000 -0.750000
v 0.688000 0.200000 -0.750000
v 0.766000 0.200000 -0.750000
v 0.844000 0.200000 -0.750000
v 0.922000 0.200000 -0.750000
v 1.000000 0.200000 -0.750000
v 1.078000 0.200000 -0.750000
v 1.156000 0.200000 -0.750000
v 1.234000 0.200000 -0.750000
v 1.312000 0.200000 -0.750000
v 1.390000 0.200000 -0.750000
v 1.468000 0.200000 -0.750000
v 1.546000 0.200000 -0.750000
v 1.624000 0.200000 -0.750000
v 1.702000 0.200000 -0.750000
v 1.780000 0.200000 -0.750000
v 1.858000 0.200000 -0.750000
v 0.142000 0.200000 -0.800000
v 0.220000 0.200000 -0.800000
v 0.298000 0.200000 -0.800000
v 0.376000 0.200000 -0.800000
v 0.454000 0.200000 -0.800000
v 0.532000 0.200000 -0.800000
v 0.610000 0.200000 -0.800000
v 0.688000 0.200000 -0.800000
v 0.766000 0.200000 -0.800000
v 0.844000 0.200000 -0.800000
v 0.922000 0.200000 -0.800000
v 1.000000 0.200000 -0.800000
v 1.078000 0.200000 -0.800000
v 1.156000 0.200000 -0.800000
v 1.234000 0.200000 -0.800000
v 1.312000 0.200000 -0.800000
v 1.390000 0.200000 -0.800000
v 1.468000 0.200000 -0.800000
v 1.546000 0.200000 -0.800000
v 1.624000 0.200000 -0.800000
v 1.702000 0.200000 -0.800000
v 1.780000 0.200000 -0.800000
v 1.858000 0.200000 -0.800000
v 0.142000 0.200000 -0.850000
v 0.220000 0.200000 -0.850000
v 0.298000 0.200000 -0.850000
v 0.376000 0.200000 -0.850000
v 0.454000 0.200000 -0.850000
v 0.532000 0.200000 -0.850000
v 0.610000 0.200000 -0.850000
v 0.688000 0.200000 -0.850000
v 0.766000 0.200000 -0.850000
v 0.844000 0.200000 -0.850000
v 0.922000 0.200000 -0.850000
v 1.000000 0.200000 -0.850000
v 1.078000 0.200000 -0.850000
v 1.156000 0.200000 -0.850000
v 1.234000 0.200000 -0.850000
v 1.312000 0.200000 -0.850000
v 1.390000 0.200000 -0.850000
v 1.468000 0.200000 -0.850000
v 1.546000 0.200000 -0.850000
v 1.624000 0.200000 -0.850000
v 1.702000 0.200000 -0.850000
v 1.780000 0.200000 -0.850000
v 1.858000 0.200000 -0.850000
v 0.220000 0.200000 -0.900000
v 0.298000 0.200000 -0.900000
v 0.376000 0.200000 -0.900000
v 0.454000 0.200000 -0.900000
v 0.532000 0.200000 -0.900000
v 0.610000 0.200000 -0.900000
v 0.688000 0.200000 -0.900000
v 0.766000 0.200000 -0.900000
v 0.844000 0.200000 -0.900000
v 0.922000 0.200000 -0.900000
v 1.000000 0.200000 -0.900000
v 1.078000 0.200000 -0.900000
v 1.156000 0.200000 -0.900000
v 1.234000 0.200000 -0.900000
v 1.312000 0.200000 -0.900000
v 1.390000 0.200000 -0.900000
v 1.468000 0.200000 -0.900000
v 1.546000 0.200000 -0.900000
v 1.624000 0.200000 -0.900000
v 1.702000 0.200000 -0.900000
v 1.780000 0.200000 -0.900000
v 0.220000 1.400000 -0.100000
v 0.298000 1.400000 -0.100000
v 0.376000 1.400000 -0.100000
v 0.454000 1.400000 -0.100000
v 0.532000 1.400000 -0.100000
v 0.610000 1.400000 -0.100000
v 0.688000 1.400000 -0.100000
v 0.766000 1.400000 -0.100000
v 0.844000 1.400000 -0.100000
v 0.922000 1.400000 -0.100000
v 1.000000 1.400000 -0.100000
v 1.078000 1.400000 -0.100000
v 1.156000 1.400000 -0.100000
v 1.234000 1.400000 -0.100000
v 1.312000 1.400000 -0.100000
v 1.390000 1.400000 -0.100000
v 1.468000 1.400000 -0.100000
v 1.546000 1.400000 -0.100000
v 1.624000 1.400000 -0.100000
v 1.702000 1.400000 -0.100000
v 1.780000 1.400000 -0.100000
v 0.142000 1.400000 -0.150000
v 0.220000 1.400000 -0.150000
v 0.298000 1.400000 -0.150000
v 0.376000 1.400000 -0.150000
v 0.454000 1.400000 -0.150000
v 0.532000 1.400000 -0.150000
v 0.610000 1.400000 -0.150000
v 0.688000 1.400000 -0.150000
v 0.766000 1.400000 -0.150000
v 0.844000 1.400000 -0.150000
v 0.922000 1.400000 -0.150000
v 1.000000 1.400000 -0.150000
v 1.078000 1.400000 -0.150000
v 1.156000 1.400000 -0.150000
v 1.234000 1.400000 -0.150000
v 1.312000 1.400000 -0.150000
v 1.390000 1.400000 -0.150000
v 1.468000 1.400000 -0.150000
v 1.546000 1.400000 -0.150000
v 1.624000 1.400000 -0.150000
v 1.702000 1.400000 -0.150000
v 1.780000 1.400000 -0.150000
v 1.858000 1.400000 -0.150000
v 0.142000 1.400000 -0.200000
v 0.220000 1.400000 -0.200000
v 0.298000 1.400000 -0.200000
v 0.376000 1.400000 -0.200000
v 0.454000 1.400000 -0.200000
v 0.532000 1.400000 -0.200000
v 0.610000 1.400000 -0.200000
v 0.688000 1.400000 -0.200000
v 0.766000 1.400000 -0.200000
v 0.844000 1.400000 -0.200000
v 0.922000 1.400000 -0.200000
v 1.000000 1.400000 -0.200000
v 1.078000 1.400000 -0.200000
v 1.156000 1.400000 -0.200000
v 1.234000 1.400000 -0.200000
v 1.312000 1.400000 -0.200000
v 1.390000 1.400000 -0.200000
v 1.468000 1.400000 -0.200000
v 1.546000 1.400000 -0.200000
v 1.624000 1.400000 -0.200000
v 1.702000 1.400000 -0.200000
v 1.780000 1.400000 -0.200000
v 1.858000 1.400000 -0.200000
v 0.142000 1.400000 -0.250000
v 0.220000 1.400000 -0.250000
v 0.298000 1.400000 -0.250000
v 0.376000 1.400000 -0.250000
v 0.454000 1.400000 -0.250000
v 0.532000 1.400000 -0.250000
v 0.610000 1.400000 -0.250000
v 0.688000 1.400000 -0.250000
v 0.766000 1.400000 -0.250000
v 0.844000 1.400000 -0.250000
v 0.922000 1.400000 -0.250000
v 1.000000 1.400000 -0.250000
v 1.078000 1.400000 -0.250000
v 1.156000 1.400000 -0.250000
v 1.234000 1.400000 -0.250000
v 1.312000 1.400000 -0.250000
v 1.390000 1.400000 -0.250000
v 1.468000 1.400000 -0.250000
v 1.546000 1.400000 -0.250000
v 1.624000 1.400000 -0.250000
v 1.702000 1.400000 -0.250000
v 1.780000 1.400000 -0.250000
v 1.858000 1.400000 -0.250000
v 0.142000 1.400000 -0.300000
v 0.220000 1.400000 -0.300000
v 0.298000 1.400000 -0.300000
v 0.376000 1.400000 -0.300000
v 0.454000 1.400000 -0.300000
v 0.532000 1.400000 -0.300000
v 0.610000 1.400000 -0.300000
v 0.688000 1.400000 -0.300000
v 0.766000 1.400000 -0.300000
v 0.844000 1.400000 -0.300000
v 0.922000 1.400000 -0.300000
v 1.000000 1.400000 -0.300000
v 1.078000 1.400000 -0.300000
v 1.156000 1.400000 -0.300000
v 1.234000 1.400000 -0.300000
v 1.312000 1.400000 -0.300000
v 1.390000 1.400000 -0.300000
v 1.468000 1.400000 -0.300000
v 1.546000 1.400000 -0.300000
v 1.624000 1.400000 -0.300000
v 1.702000 1.400000 -0.300000
v 1.780000 1.400000 -0.300000
v 1.858000 1.400000 -0.300000
v 0.142000 1.400000 -0.350000
v 0.220000 1.400000 -0.350000
v 0.298000 1.400000 -0.350000
v 0.376000 1.400000 -0.350000
v 0.454000 1.400000 -0.350000
v 0.532000 1.400000 -0.350000
v 0.610000 1.400000 -0.350000
v 0.688000 1.400000 -0.350000
v 0.766000 1.400000 -0.350000
v 0.844000 1.400000 -0.350000
v 0.922000 1.400000 -0.350000
v 1.000000 1.400000 -0.350000
v 1.078000 1.400000 -0.350000
v 1.156000 1.400000 -0.350000
v 1.234000 1.400000 -0.350000
v 1.312000 1.400000 -0.350000
v 1.390000 1.400000 -0.350000
v 1.468000 1.400000 -0.350000
v 1.546000 1.400000 -0.350000
v 1.624000 1.400000 -0.350000
v 1.702000 1.400000 -0.350000
v 1.780000 1.400000 -0.350000
v 1.858000 1.400000 -0.350000
v 0.142000 1.400000 -0.400000
v 0.220000 1.400000 -0.400000
v 0.298000 1.400000 -0.400000
v 0.376000 1.400000 -0.400000
v 0.454000 1.400000 -0.400000
v 0.532000 1.400000 -0.400000
v 0.610000 1.400000 -0.400000
v 0.688000 1.400000 -0.400000
v 0.766000 1.400000 -0.400000
v 0.844000 1.400000 -0.400000
v 0.922000 1.400000 -0.400000
v 1.000000 1.400000 -0.400000
v 1.078000 1.400000 -0.400000
v 1.156000 1.400000 -0.400000
v 1.234000 1.400000 -0.400000
v 1.312000 1.400000 -0.400000
v 1.390000 1.400000 -0.400000
v 1.468000 1.400000 -0.400000
v 1.546000 1.400000 -0.400000
v 1.624000 1.400000 -0.400000
v 1.702000 1.400000 -0.400000
v 1.780000 1.400000 -0.400000
v 1.858000 1.400000 -0.400000
v 0.142000 1.400000 -0.450000
v 0.220000 1.400000 -0.450000
v 0.298000 1.400000 -0.450000
v 0.376000 1.400000 -0.450000
v 0.454000 1.400000 -0.450000
v 0.532000 1.400000 -0.450000
v 0.610000 1.400000 -0.450000
v 0.688000 1.400000 -0.450000
v 0.766000 1.400000 -0.450000
v 0.844000 1.400000 -0.450000
v 0.922000 1.400000 -0.450000
v 1.000000 1.400000 -0.450000
v 1.078000 1.400000 -0.450000
v 1.156000 1.400000 -0.450000
v 1.234000 1.400000 -0.450000
v 1.312000 1.400000 -0.450000
v 1.390000 1.400000 -0.450000
v 1.468000 1.400000 -0.450000
v 1.546000 1.400000 -0.450000
v 1.624000 1.400000 -0.450000
v 1.702000 1.400000 -0.450000
v 1.780000 1.400000 -0.450000
v 1.858000 1.400000 -0.450000
v 0.142000 1.400000 -0.500000
v 0.220000 1.400000 -0.500000
v 0.298000 1.400000 -0.500000
v 0.376000 1.400000 -0.500000
v 0.454000 1.400000 -0.500000
v 0.532000 1.400000 -0.500000
v 0.610000 1.400000 -0.500000
v 0.688000 1.400000 -0.500000
v 0.766000 1.400000 -0.500000
v 0.844000 1.400000 -0.500000
v 0.922000 1.400000 -0.500000
v 1.000000 1.400000 -0.500000
v 1.078000 1.400000 -0.500000
v 1.156000 1.400000 -0.500000
v 1.234000 1.400000 -0.500000
v 1.312000 1.400000 -0.500000
v 1.390000 1.400000 -0.500000
v 1.468000 1.400000 -0.500000
v 1.546000 1.400000 -0.500000
v 1.624000 1.400000 -0.500000
v 1.702000 1.400000 -0.500000
v 1.780000 1.400000 -0.500000
v 1.858000 1.400000 -0.500000
v 0.142000 1.400000 -0.550000
v 0.220000 1.400000 -0.550000
v 0.298000 1.400000 -0.550000
v 0.376000 1.400000 -0.550000
v 0.454000 1.400000 -0.550000
v 0.532000 1.400000 -0.550000
v 0.610000 1.400000 -0.550000
v 0.688000 1.400000 -0.550000
v 0.766000 1.400000 -0.550000
v 0.844000 1.400000 -0.550000
v 0.922000 1.400000 -0.550000
v 1.000000 1.400000 -0.550000
v 1.078000 1.400000 -0.550000
v 1.156000 1.400000 -0.550000
v 1.234000 1.400000 -0.550000
v 1.312000 1.400000 -0.550000
v 1.390000 1.400000 -0.550000
v 1.468000 1.400000 -0.550000
v 1.546000 1.400000 -0.550000
v 1.624000 1.400000 -0.550000
v 1.702000 1.400000 -0.550000
v 1.780000 1.400000 -0.550000
v 1.858000 1.400000 -0.550000
v 0.142000 1.400000 -0.600000
v 0.220000 1.400000 -0.600000
v 0.298000 1.400000 -0.600000
v 0.376000 1.400000 -0.600000
v 0.454000 1.400000 -0.600000
v 0.532000 1.400000 -0.600000
v 0.610000 1.400000 -0.600000
v 0.688000 1.400000 -0.600000
v 0.766000 1.400000 -0.600000
v 0.844000 1.400000 -0.600000
v 0.922000 1.400000 -0.600000
v 1.000000 1.400000 -0.600000
v 1.078000 1.400000 -0.600000
v 1.156000 1.400000 -0.600000
v 1.234000 1.400000 -0.600000
v 1.312000 1.400000 -0.600000
v 1.390000 1.400000 -0.600000
v 1.468000 1.400000 -0.600000
v 1.546000 1.400000 -0.600000
v 1.624000 1.400000 -0.600000
v 1.702000 1.400000 -0.600000
v 1.780000 1.400000 -0.600000
v 1.858000 1.400000 -0.600000
v 0.142000 1.400000 -0.650000
v 0.220000 1.400000 -0.650000
v 0.298000 1.400000 -0.650000
v 0.376000 1.400000 -0.650000
v 0.454000 1.400000 -0.650000
v 0.532000 1.400000 -0.650000
v 0.610000 1.400000 -0.650000
v 0.688000 1.400000 -0.650000
v 0.766000 1.400000 -0.650000
v 0.844000 1.400000 -0.650000
v 0.922000 1.400000 -0.650000
v 1.000000 1.400000 -0.650000
v 1.078000 1.400000 -0.650000
v 1.156000 1.400000 -0.650000
v 1.234000 1.400000 -0.650000
v 1.312000 1.400000 -0.650000
v 1.390000 1.400000 -0.650000
v 1.468000 1.400000 -0.650000
v 1.546000 1.400000 -0.650000
v 1.624000 1.400000 -0.650000
v 1.702000 1.400000 -0.650000
v 1.780000 1.400000 -0.650000
v 1.858000 1.400000 -0.650000
v 0.142000 1.400000 -0.700000
v 0.220000 1.400000 -0.700000
v 0.298000 1.400000 -0.700000
v 0.376000 1.400000 -0.700000
v 0.454000 1.400000 -0.700000
v 0.532000 1.400000 -0.700000
v 0.610000 1.400000 -0.700000
v 0.688000 1.400000 -0.700000
v 0.766000 1.400000 -0.700000
v 0.844000 1.400000 -0.700000
v 0.922000 1.400000 -0.700000
v 1.000000 1.400000 -0.700000
v 1.078000 1.400000 -0.700000
v 1.156000 1.400000 -0.700000
v 1.234000 1.400000 -0.700000
v 1.312000 1.400000 -0.700000
v 1.390000 1.400000 -0.700000
v 1.468000 1.400000 -0.700000
v 1.546000 1.400000 -0.700000
v 1.624000 1.400000 -0.700000
v 1.702000 1.400000 -0.700000
v 1.780000 1.400000 -0.700000
v 1.858000 1.400000 -0.700000
v 0.142000 1.400000 -0.750000
v 0.220000 1.400000 -0.750000
v 0.298000 1.400000 -0.750000
v 0.376000 1.400000 -0.750000
v 0.454000 1.400000 -0.750000
v 0.532000 1.400000 -0.750000
v 0.610000 1.400000 -0.750000
v 0.688000 1.400000 -0.750000
v 0.766000 1.400000 -0.750000
v 0.844000 1.400000 -0.750000
v 0.922000 1.400000 -0.750000
v 1.000000 1.400000 -0.750000
v 1.078000 1.400000 -0.750000
v 1.156000 1.400000 -0.750000
v 1.234000 1.400000 -0.750000
v 1.312000 1.400000 -0.750000
v 1.390000 1.400000 -0.750000
v 1.468000 1.400000 -0.750000
v 1.546000 1.400000 -0.750000
v 1.624000 1.400000 -0.750000
v 1.702000 1.400000 -0.750000
v 1.780000 1.400000 -0.750000
v 1.858000 1.400000 -0.750000
v 0.142000 1.400000 -0.800000
v 0.220000 1.400000 -0.800000
v 0.298000 1.400000 -0.800000
v 0.376000 1.400000 -0.800000
v 0.454000 1.400000 -0.800000
v 0.532000 1.400000 -0.800000
v 0.610000 1.400000 -0.800000
v 0.688000 1.400000 -0.800000
v 0.766000 1.400000 -0.800000
v 0.844000 1.400000 -0.800000
v 0.922000 1.400000 -0.800000
v 1.000000 1.400000 -0.800000
v 1.078000 1.400000 -0.800000
v 1.156000 1.400000 -0.800000
v 1.234000 1.400000 -0.800000
v 1.312000 1.400000 -0.800000
v 1.390000 1.400000 -0.800000
v 1.468000 1.400000 -0.800000
v 1.546000 1.400000 -0.800000
v 1.624000 1.400000 -0.800000
v 1.702000 1.400000 -0.800000
v 1.780000 1.400000 -0.800000
v 1.858000 1.400000 -0.800000
v 0.142000 1.400000 -0.850000
v 0.220000 1.400000 -0.850000
v 0.298000 1.400000 -0.850000
v 0.376000 1.400000 -0.850000
v 0.454000 1.400000 -0.850000
v 0.532000 1.400000 -0.850000
v 0.610000 1.400000 -0.850000
v 0.688000 1.400000 -0.850000
v 0.766000 1.400000 -0.850000
v 0.844000 1.400000 -0.850000
v 0.922000 1.400000 -0.850000
v 1.000000 1.400000 -0.850000
v 1.078000 1.400000 -0.850000
v 1.156000 1.400000 -0.850000
v 1.234000 1.400000 -0.850000
v 1.312000 1.400000 -0.850000
v 1.390000 1.400000 -0.850000
v 1.468000 1.400000 -0.850000
v 1.546000 1.400000 -0.850000
v 1.624000 1.400000 -0.850000
v 1.702000 1.400000 -0.850000
v 1.780000 1.400000 -0.850000
v 1.858000 1.400000 -0.850000
v 0.220000 1.400000 -0.900000
v 0.298000 1.400000 -0.900000
v 0.376000 1.400000 -0.900000
v 0.454000 1.400000 -0.900000
v 0.532000 1.400000 -0.900000
v 0.610000 1.400000 -0.900000
v 0.688000 1.400000 -0.900000
v 0.766000 1.400000 -0.900000
v 0.844000 1.400000 -0.900000
v 0.922000 1.400000 -0.900000
v 1.000000 1.400000 -0.900000
v 1.078000 1.400000 -0.900000
v 1.156000 1.400000 -0.900000
v 1.234000 1.400000 -0.900000
v 1.312000 1.400000 -0.900000
v 1.390000 1.400000 -0.900000
v 1.468000 1.400000 -0.900000
v 1.546000 1.400000 -0.900000
v 1.624000 1.400000 -0.900000
v 1.702000 1.400000 -0.900000
v 1.780000 1.400000 -0.900000
v 0.064000 1.800000 -0.050000
v 1.936000 1.800000 -0.050000
v 0.064000 1.800000 -0.950000
v 1.936000 1.800000 -0.950000
vn -1.0000 -0.0000 -0.0000
vn 1.0000 -0.0000 -0.0000
vn -0.0000 -0.0000 1.0000
vn -0.0000 -0.0000 -1.0000
vn -0.0000 -1.0000 -0.0000
vn -0.0000 1.0000 -0.0000
vt 0.644389 0.319157
vt 0.644389 0.301538
vt 0.662007 0.301538
vt 0.662007 0.319157
vt 0.644389 0.640338
vt 0.644389 0.622720
vt 0.662007 0.622720
vt 0.662007 0.640338
vt 0.679626 0.301538
vt 0.679626 0.319157
vt 0.679626 0.622720
vt 0.679626 0.640338
vt 0.683676 0.319157
vt 0.683676 0.301538
vt 0.701295 0.301538
vt 0.701295 0.319157
vt 0.683676 0.640338
vt 0.683676 0.622720
vt 0.701295 0.622720
vt 0.701295 0.640338
vt 0.718913 0.301538
vt 0.718913 0.319157
vt 0.718913 0.622720
vt 0.718913 0.640338
vt 0.644389 0.283920
vt 0.662007 0.283920
vt 0.644389 0.605102
vt 0.662007 0.605102
vt 0.679626 0.283920
vt 0.705345 0.926283
vt 0.687727 0.926283
vt 0.687727 0.908665
vt 0.705345 0.908665
vt 0.687727 0.891047
vt 0.705345 0.891047
vt 0.687727 0.873428
vt 0.705345 0.873428
vt 0.687727 0.855810
vt 0.705345 0.855810
vt 0.687727 0.838191
vt 0.705345 0.838191
vt 0.687727 0.820573
vt 0.705345 0.820573
vt 0.687727 0.802955
vt 0.705345 0.802955
vt 0.687727 0.785336
vt 0.705345 0.785336
vt 0.687727 0.767718
vt 0.705345 0.767718
vt 0.687727 0.750099
vt 0.705345 0.750099
vt 0.687727 0.732481
vt 0.705345 0.732481
vt 0.687727 0.714863
vt 0.705345 0.714863
vt 0.687727 0.697244
vt 0.705345 0.697244
vt 0.687727 0.679626
vt 0.705345 0.679626
vt 0.687727 0.662007
vt 0.705345 0.662007
vt 0.687727 0.644389
vt 0.705345 0.644389
vt 0.683676 0.283920
vt 0.701295 0.283920
vt 0.718913 0.283920
vt 0.701295 0.605102
vt 0.718913 0.605102
vt 0.644389 0.266301
vt 0.662007 0.266301
vt 0.644389 0.587483
vt 0.662007 0.587483
vt 0.679626 0.266301
vt 0.679626 0.587483
vt 0.679626 0.605102
vt 0.683676 0.266301
vt 0.701295 0.266301
vt 0.683676 0.605102
vt 0.683676 0.587483
vt 0.701295 0.587483
vt 0.718913 0.266301
vt 0.718913 0.587483
vt 0.644389 0.248683
vt 0.662007 0.248683
vt 0.644389 0.569865
vt 0.662007 0.569865
vt 0.679626 0.248683
vt 0.679626 0.569865
vt 0.683676 0.248683
vt 0.701295 0.248683
vt 0.683676 0.569865
vt 0.701295 0.569865
vt 0.718913 0.248683
vt 0.718913 0.569865
vt 0.644389 0.231065
vt 0.662007 0.231065
vt 0.644389 0.552246
vt 0.662007 0.552246
vt 0.679626 0.231065
vt 0.679626 0.552246
vt 0.683676 0.231065
vt 0.701295 0.231065
vt 0.683676 0.552246
vt 0.701295 0.552246
vt 0.718913 0.231065
vt 0.718913 0.552246
vt 0.644389 0.213446
vt 0.662007 0.213446
vt 0.644389 0.534628
vt 0.662007 0.534628
vt 0.679626 0.213446
vt 0.679626 0.534628
vt 0.683676 0.213446
vt 0.701295 0.213446
vt 0.683676 0.534628
vt 0.701295 0.534628
vt 0.718913 0.213446
vt 0.718913 0.534628
vt 0.644389 0.195828
vt 0.662007 0.195828
vt 0.644389 0.517010
vt 0.662007 0.517010
vt 0.679626 0.195828
vt 0.679626 0.517010
vt 0.683676 0.195828
vt 0.701295 0.195828
vt 0.683676 0.517010
vt 0.701295 0.517010
vt 0.718913 0.195828
vt 0.718913 0.517010
vt 0.644389 0.178209
vt 0.662007 0.178209
vt 0.644389 0.499391
vt 0.662007 0.499391
vt 0.679626 0.178209
vt 0.679626 0.499391
vt 0.683676 0.178209
vt 0.701295 0.178209
vt 0.683676 0.499391
vt 0.701295 0.499391
vt 0.718913 0.178209
vt 0.718913 0.499391
vt 0.644389 0.160591
vt 0.662007 0.160591
vt 0.644389 0.481773
vt 0.662007 0.481773
vt 0.679626 0.160591
vt 0.679626 0.481773
vt 0.683676 0.160591
vt 0.701295 0.160591
vt 0.683676 0.481773
vt 0.701295 0.481773
vt 0.718913 0.160591
vt 0.718913 0.481773
vt 0.644389 0.142973
vt 0.662007 0.142973
vt 0.644389 0.464154
vt 0.662007 0.464154
vt 0.679626 0.142973
vt 0.679626 0.464154
vt 0.683676 0.142973
vt 0.701295 0.142973
vt 0.683676 0.464154
vt 0.701295 0.464154
vt 0.718913 0.142973
vt 0.718913 0.464154
vt 0.644389 0.125354
vt 0.662007 0.125354
vt 0.644389 0.446536
vt 0.662007 0.446536
vt 0.679626 0.125354
vt 0.679626 0.446536
vt 0.683676 0.125354
vt 0.701295 0.125354
vt 0.683676 0.446536
vt 0.701295 0.446536
vt 0.718913 0.125354
vt 0.718913 0.446536
vt 0.644389 0.107736
vt 0.662007 0.107736
vt 0.644389 0.428917
vt 0.662007 0.428917
vt 0.679626 0.107736
vt 0.679626 0.428917
vt 0.683676 0.107736
vt 0.701295 0.107736
vt 0.683676 0.428917
vt 0.701295 0.428917
vt 0.718913 0.107736
vt 0.718913 0.428917
vt 0.644389 0.090117
vt 0.662007 0.090117
vt 0.644389 0.411299
vt 0.662007 0.411299
vt 0.679626 0.090117
vt 0.679626 0.411299
vt 0.683676 0.090117
vt 0.701295 0.090117
vt 0.683676 0.411299
vt 0.701295 0.411299
vt 0.718913 0.090117
vt 0.718913 0.411299
vt 0.644389 0.072499
vt 0.662007 0.072499
vt 0.644389 0.393681
vt 0.662007 0.393681
vt 0.679626 0.072499
vt 0.662007 0.926283
vt 0.644389 0.926283
vt 0.644389 0.908665
vt 0.662008 0.908665
vt 0.644389 0.891047
vt 0.662008 0.891047
vt 0.644389 0.873428
vt 0.662008 0.873428
vt 0.644389 0.855810
vt 0.662008 0.855810
vt 0.644389 0.838191
vt 0.662008 0.838191
vt 0.644389 0.820573
vt 0.662008 0.820573
vt 0.644389 0.802955
vt 0.662008 0.802955
vt 0.644389 0.785336
vt 0.662008 0.785336
vt 0.644389 0.767718
vt 0.662008 0.767718
vt 0.644389 0.750099
vt 0.662008 0.750099
vt 0.644389 0.732481
vt 0.662008 0.732481
vt 0.644389 0.714863
vt 0.662008 0.714863
vt 0.644389 0.697244
vt 0.662008 0.697244
vt 0.644389 0.679626
vt 0.662008 0.679626
vt 0.644389 0.662007
vt 0.662008 0.662007
vt 0.644389 0.644389
vt 0.662008 0.644389
vt 0.683676 0.072499
vt 0.701295 0.072499
vt 0.718913 0.072499
vt 0.701295 0.393681
vt 0.718913 0.393681
vt 0.644389 0.054880
vt 0.662007 0.054880
vt 0.644389 0.376062
vt 0.662007 0.376062
vt 0.679626 0.054880
vt 0.679626 0.376062
vt 0.679626 0.393681
vt 0.683676 0.054880
vt 0.701295 0.054880
vt 0.683676 0.393681
vt 0.683676 0.376062
vt 0.701295 0.376062
vt 0.718913 0.054880
vt 0.718913 0.376062
vt 0.644389 0.037262
vt 0.662007 0.037262
vt 0.644389 0.358444
vt 0.662007 0.358444
vt 0.679626 0.037262
vt 0.679626 0.358444
vt 0.683676 0.037262
vt 0.701295 0.037262
vt 0.683676 0.358444
vt 0.701295 0.358444
vt 0.718913 0.037262
vt 0.718913 0.358444
vt 0.644389 0.019644
vt 0.662007 0.019644
vt 0.644389 0.340825
vt 0.662007 0.340825
vt 0.679626 0.019644
vt 0.679626 0.340825
vt 0.683676 0.019644
vt 0.701295 0.019644
vt 0.683676 0.340825
vt 0.701295 0.340825
vt 0.718913 0.019644
vt 0.718913 0.340825
vt 0.644389 0.002025
vt 0.662007 0.002025
vt 0.644389 0.323207
vt 0.662007 0.323207
vt 0.679626 0.002025
vt 0.679626 0.323207
vt 0.683676 0.002025
vt 0.701295 0.002025
vt 0.683676 0.323207
vt 0.701295 0.323207
vt 0.718913 0.002025
vt 0.718913 0.323207
vt 0.758200 0.319157
vt 0.740582 0.319157
vt 0.740582 0.301538
vt 0.758200 0.301538
vt 0.758200 0.640338
vt 0.740582 0.640338
vt 0.740582 0.622720
vt 0.758200 0.622720
vt 0.722964 0.319157
vt 0.722964 0.301538
vt 0.722964 0.640338
vt 0.722964 0.622720
vt 0.797488 0.319157
vt 0.779869 0.319157
vt 0.779869 0.301538
vt 0.797488 0.301538
vt 0.797488 0.640338
vt 0.779869 0.640338
vt 0.779869 0.622720
vt 0.797488 0.622720
vt 0.762251 0.319157
vt 0.762251 0.301538
vt 0.762251 0.640338
vt 0.762251 0.622720
vt 0.740582 0.283920
vt 0.758200 0.283920
vt 0.740582 0.605102
vt 0.758200 0.605102
vt 0.722964 0.605102
vt 0.740582 0.644389
vt 0.740582 0.662007
vt 0.722964 0.662007
vt 0.722964 0.644389
vt 0.740582 0.679626
vt 0.722964 0.679626
vt 0.740582 0.697244
vt 0.722964 0.697244
vt 0.740582 0.714863
vt 0.722964 0.714863
vt 0.740582 0.732481
vt 0.722964 0.732481
vt 0.740582 0.750099
vt 0.722964 0.750099
vt 0.740582 0.767718
vt 0.722964 0.767718
vt 0.740582 0.785336
vt 0.722964 0.785336
vt 0.740582 0.802955
vt 0.722964 0.802955
vt 0.740582 0.820573
vt 0.722964 0.820573
vt 0.740582 0.838191
vt 0.722964 0.838191
vt 0.740582 0.855810
vt 0.722964 0.855810
vt 0.740582 0.873428
vt 0.722964 0.873428
vt 0.740582 0.891047
vt 0.722964 0.891047
vt 0.740582 0.908665
vt 0.722964 0.908665
vt 0.740582 0.926283
vt 0.722964 0.926283
vt 0.779869 0.605102
vt 0.797488 0.605102
vt 0.762251 0.283920
vt 0.779869 0.283920
vt 0.762251 0.605102
vt 0.740582 0.266301
vt 0.758200 0.266301
vt 0.740582 0.587483
vt 0.758200 0.587483
vt 0.722964 0.283920
vt 0.722964 0.266301
vt 0.722964 0.587483
vt 0.797488 0.283920
vt 0.779869 0.266301
vt 0.797488 0.266301
vt 0.779869 0.587483
vt 0.797488 0.587483
vt 0.762251 0.266301
vt 0.762251 0.587483
vt 0.740582 0.248683
vt 0.758200 0.248683
vt 0.740582 0.569865
vt 0.758200 0.569865
vt 0.722964 0.248683
vt 0.722964 0.569865
vt 0.779869 0.248683
vt 0.797488 0.248683
vt 0.779869 0.569865
vt 0.797488 0.569865
vt 0.762251 0.248683
vt 0.762251 0.569865
vt 0.740582 0.231065
vt 0.758200 0.231065
vt 0.740582 0.552246
vt 0.758200 0.552246
vt 0.722964 0.231065
vt 0.722964 0.552246
vt 0.779869 0.231065
vt 0.797488 0.231065
vt 0.779869 0.552246
vt 0.797488 0.552246
vt 0.762251 0.231065
vt 0.762251 0.552246
vt 0.740582 0.213446
vt 0.758200 0.213446
vt 0.740582 0.534628
vt 0.758200 0.534628
vt 0.722964 0.213446
vt 0.722964 0.534628
vt 0.779869 0.213446
vt 0.797488 0.213446
vt 0.779869 0.534628
vt 0.797488 0.534628
vt 0.762251 0.213446
vt 0.762251 0.534628
vt 0.740582 0.195828
vt 0.758200 0.195828
vt 0.740582 0.517010
vt 0.758200 0.517010
vt 0.722964 0.195828
vt 0.722964 0.517010
vt 0.779869 0.195828
vt 0.797488 0.195828
vt 0.779869 0.517010
vt 0.797488 0.517010
vt 0.762251 0.195828
vt 0.762251 0.517010
vt 0.740582 0.178209
vt 0.758200 0.178209
vt 0.740582 0.499391
vt 0.758200 0.499391
vt 0.722964 0.178209
vt 0.722964 0.499391
vt 0.779869 0.178209
vt 0.797488 0.178209
vt 0.779869 0.499391
vt 0.797488 0.499391
vt 0.762251 0.178209
vt 0.762251 0.499391
vt 0.740582 0.160591
vt 0.758200 0.160591
vt 0.740582 0.481773
vt 0.758200 0.481773
vt 0.722964 0.160591
vt 0.722964 0.481773
vt 0.779869 0.160591
vt 0.797488 0.160591
vt 0.779869 0.481773
vt 0.797488 0.481773
vt 0.762251 0.160591
vt 0.762251 0.481773
vt 0.740582 0.142973
vt 0.758200 0.142973
vt 0.740582 0.464154
vt 0.758200 0.464154
vt 0.722964 0.142973
vt 0.722964 0.464154
vt 0.779869 0.142973
vt 0.797488 0.142973
vt 0.779869 0.464154
vt 0.797488 0.464154
vt 0.762251 0.142973
vt 0.762251 0.464154
vt 0.740582 0.125354
vt 0.758200 0.125354
vt 0.740582 0.446536
vt 0.758200 0.446536
vt 0.722964 0.125354
vt 0.722964 0.446536
vt 0.779869 0.125354
vt 0.797488 0.125354
vt 0.779869 0.446536
vt 0.797488 0.446536
vt 0.762251 0.125354
vt 0.762251 0.446536
vt 0.740582 0.107736
vt 0.758200 0.107736
vt 0.740582 0.428917
vt 0.758200 0.428917
vt 0.722964 0.107736
vt 0.722964 0.428917
vt 0.779869 0.107736
vt 0.797488 0.107736
vt 0.779869 0.428917
vt 0.797488 0.428917
vt 0.762251 0.107736
vt 0.762251 0.428917
vt 0.740582 0.090117
vt 0.758200 0.090117
vt 0.740582 0.411299
vt 0.758200 0.411299
vt 0.722964 0.090117
vt 0.722964 0.411299
vt 0.779869 0.090117
vt 0.797488 0.090117
vt 0.779869 0.411299
vt 0.797488 0.411299
vt 0.762251 0.090117
vt 0.762251 0.411299
vt 0.740582 0.072499
vt 0.758200 0.072499
vt 0.740582 0.393681
vt 0.758200 0.393681
vt 0.722964 0.393681
vt 0.683676 0.644389
vt 0.683676 0.662007
vt 0.666058 0.662007
vt 0.666058 0.644389
vt 0.683676 0.679626
vt 0.666058 0.679626
vt 0.683676 0.697244
vt 0.666058 0.697244
vt 0.683676 0.714863
vt 0.666058 0.714863
vt 0.683676 0.732481
vt 0.666058 0.732481
vt 0.683676 0.750099
vt 0.666058 0.750099
vt 0.683676 0.767718
vt 0.666058 0.767718
vt 0.683676 0.785336
vt 0.666058 0.785336
vt 0.683676 0.802955
vt 0.666058 0.802955
vt 0.683676 0.820573
vt 0.666058 0.820573
vt 0.683676 0.838191
vt 0.666058 0.838191
vt 0.683676 0.855810
vt 0.666058 0.855810
vt 0.683676 0.873428
vt 0.666058 0.873428
vt 0.683676 0.891047
vt 0.666058 0.891047
vt 0.683676 0.908665
vt 0.666058 0.908665
vt 0.683676 0.926283
vt 0.666058 0.926283
vt 0.779869 0.393681
vt 0.797488 0.393681
vt 0.762251 0.072499
vt 0.779869 0.072499
vt 0.762251 0.393681
vt 0.740582 0.054880
vt 0.758200 0.054880
vt 0.740582 0.376062
vt 0.758200 0.376062
vt 0.722964 0.072499
vt 0.722964 0.054880
vt 0.722964 0.376062
vt 0.797488 0.072499
vt 0.779869 0.054880
vt 0.797488 0.054880
vt 0.779869 0.376062
vt 0.797488 0.376062
vt 0.762251 0.054880
vt 0.762251 0.376062
vt 0.740582 0.037262
vt 0.758200 0.037262
vt 0.740582 0.358444
vt 0.758200 0.358444
vt 0.722964 0.037262
vt 0.722964 0.358444
vt 0.779869 0.037262
vt 0.797488 0.037262
vt 0.779869 0.358444
vt 0.797488 0.358444
vt 0.762251 0.037262
vt 0.762251 0.358444
vt 0.740582 0.019644
vt 0.758200 0.019644
vt 0.740582 0.340825
vt 0.758200 0.340825
vt 0.722964 0.019644
vt 0.722964 0.340825
vt 0.779869 0.019644
vt 0.797488 0.019644
vt 0.779869 0.340825
vt 0.797488 0.340825
vt 0.762251 0.019644
vt 0.762251 0.340825
vt 0.740582 0.002025
vt 0.758200 0.002025
vt 0.740582 0.323207
vt 0.758200 0.323207
vt 0.722964 0.002025
vt 0.722964 0.323207
vt 0.779869 0.002025
vt 0.797488 0.002025
vt 0.779869 0.323207
vt 0.797488 0.323207
vt 0.762251 0.002025
vt 0.762251 0.323207
vt 0.836775 0.319157
vt 0.819157 0.319157
vt 0.819157 0.301538
vt 0.836775 0.301538
vt 0.801538 0.319157
vt 0.801538 0.301538
vt 0.836775 0.640338
vt 0.819157 0.640338
vt 0.819157 0.622720
vt 0.836775 0.622720
vt 0.801538 0.640338
vt 0.801538 0.622720
vt 0.876062 0.319157
vt 0.858444 0.319157
vt 0.858444 0.301538
vt 0.876062 0.301538
vt 0.840826 0.319157
vt 0.840825 0.301538
vt 0.876062 0.640338
vt 0.858444 0.640338
vt 0.858444 0.622720
vt 0.876062 0.622720
vt 0.840826 0.640338
vt 0.840826 0.622720
vt 0.819157 0.283920
vt 0.836775 0.283920
vt 0.801538 0.283920
vt 0.819157 0.605102
vt 0.836775 0.605102
vt 0.801538 0.605102
vt 0.997975 0.002025
vt 0.997975 0.019644
vt 0.980356 0.019644
vt 0.980356 0.002025
vt 0.997975 0.037262
vt 0.980356 0.037262
vt 0.997975 0.054880
vt 0.980356 0.054880
vt 0.997975 0.072499
vt 0.980356 0.072499
vt 0.997975 0.090117
vt 0.980356 0.090117
vt 0.997975 0.107736
vt 0.980356 0.107736
vt 0.997975 0.125354
vt 0.980356 0.125354
vt 0.997975 0.142973
vt 0.980356 0.142973
vt 0.997975 0.160591
vt 0.980356 0.160591
vt 0.997975 0.178209
vt 0.980356 0.178209
vt 0.997975 0.195828
vt 0.980356 0.195828
vt 0.997975 0.213446
vt 0.980356 0.213446
vt 0.997975 0.231065
vt 0.980356 0.231065
vt 0.997975 0.248683
vt 0.980356 0.248683
vt 0.997975 0.266301
vt 0.980356 0.266301
vt 0.997975 0.283920
vt 0.980356 0.283920
vt 0.997975 0.301538
vt 0.980356 0.301538
vt 0.997975 0.319157
vt 0.980356 0.319157
vt 0.997975 0.336775
vt 0.980356 0.336775
vt 0.997975 0.354393
vt 0.980356 0.354393
vt 0.997975 0.372012
vt 0.980356 0.372012
vt 0.997975 0.389630
vt 0.980356 0.389630
vt 0.858444 0.283920
vt 0.876062 0.283920
vt 0.840826 0.605102
vt 0.858444 0.605102
vt 0.819157 0.266301
vt 0.836775 0.266301
vt 0.801538 0.266301
vt 0.819157 0.587483
vt 0.836775 0.587483
vt 0.801538 0.587483
vt 0.858444 0.266301
vt 0.876062 0.266301
vt 0.840825 0.283920
vt 0.840825 0.266301
vt 0.876062 0.605102
vt 0.858444 0.587483
vt 0.876062 0.587483
vt 0.840826 0.587483
vt 0.819157 0.248683
vt 0.836775 0.248683
vt 0.801538 0.248683
vt 0.819157 0.569865
vt 0.836775 0.569865
vt 0.801538 0.569865
vt 0.858444 0.248683
vt 0.876062 0.248683
vt 0.840825 0.248683
vt 0.858444 0.569865
vt 0.876062 0.569865
vt 0.840826 0.569865
vt 0.819157 0.231065
vt 0.836775 0.231065
vt 0.801538 0.231065
vt 0.819157 0.552246
vt 0.836775 0.552246
vt 0.801538 0.552246
vt 0.858444 0.231065
vt 0.876062 0.231065
vt 0.840825 0.231065
vt 0.858444 0.552246
vt 0.876062 0.552246
vt 0.840826 0.552246
vt 0.819157 0.213446
vt 0.836775 0.213446
vt 0.801538 0.213446
vt 0.819157 0.534628
vt 0.836775 0.534628
vt 0.801538 0.534628
vt 0.858444 0.213446
vt 0.876062 0.213446
vt 0.840825 0.213446
vt 0.858444 0.534628
vt 0.876062 0.534628
vt 0.840826 0.534628
vt 0.819157 0.195828
vt 0.836775 0.195828
vt 0.801538 0.195828
vt 0.819157 0.517010
vt 0.836775 0.517010
vt 0.801538 0.517010
vt 0.858444 0.195828
vt 0.876062 0.195828
vt 0.840825 0.195828
vt 0.858444 0.517010
vt 0.876062 0.517010
vt 0.840826 0.517010
vt 0.819157 0.178209
vt 0.836775 0.178209
vt 0.801538 0.178209
vt 0.819157 0.499391
vt 0.836775 0.499391
vt 0.801538 0.499391
vt 0.858444 0.178209
vt 0.876062 0.178209
vt 0.840825 0.178209
vt 0.858444 0.499391
vt 0.876062 0.499391
vt 0.840826 0.499391
vt 0.819157 0.160591
vt 0.836775 0.160591
vt 0.801538 0.160591
vt 0.819157 0.481773
vt 0.836775 0.481773
vt 0.801538 0.481773
vt 0.858444 0.160591
vt 0.876062 0.160591
vt 0.840825 0.160591
vt 0.858444 0.481773
vt 0.876062 0.481773
vt 0.840826 0.481773
vt 0.819157 0.142973
vt 0.836775 0.142973
vt 0.801538 0.142973
vt 0.819157 0.464154
vt 0.836775 0.464154
vt 0.801538 0.464154
vt 0.858444 0.142973
vt 0.876062 0.142973
vt 0.840825 0.142973
vt 0.858444 0.464154
vt 0.876062 0.464154
vt 0.840826 0.464154
vt 0.819157 0.125354
vt 0.836775 0.125354
vt 0.801538 0.125354
vt 0.819157 0.446536
vt 0.836775 0.446536
vt 0.801538 0.446536
vt 0.858444 0.125354
vt 0.876062 0.125354
vt 0.840825 0.125354
vt 0.858444 0.446536
vt 0.876062 0.446536
vt 0.840826 0.446536
vt 0.819157 0.107736
vt 0.836775 0.107736
vt 0.801538 0.107736
vt 0.819157 0.428917
vt 0.836775 0.428917
vt 0.801538 0.428917
vt 0.858444 0.107736
vt 0.876062 0.107736
vt 0.840825 0.107736
vt 0.858444 0.428917
vt 0.876062 0.428917
vt 0.840826 0.428917
vt 0.819157 0.090117
vt 0.836775 0.090117
vt 0.801538 0.090117
vt 0.819157 0.411299
vt 0.836775 0.411299
vt 0.801538 0.411299
vt 0.858444 0.090117
vt 0.876062 0.090117
vt 0.840825 0.090117
vt 0.858444 0.411299
vt 0.876062 0.411299
vt 0.840826 0.411299
vt 0.819157 0.072499
vt 0.836775 0.072499
vt 0.801538 0.072499
vt 0.819157 0.393681
vt 0.836775 0.393681
vt 0.801538 0.393681
vt 0.976306 0.002025
vt 0.976306 0.019644
vt 0.958687 0.019644
vt 0.958687 0.002025
vt 0.976306 0.037262
vt 0.958687 0.037262
vt 0.976306 0.054880
vt 0.958687 0.054880
vt 0.976306 0.072499
vt 0.958687 0.072499
vt 0.976306 0.090117
vt 0.958687 0.090117
vt 0.976306 0.107736
vt 0.958687 0.107736
vt 0.976306 0.125354
vt 0.958687 0.125354
vt 0.976306 0.142973
vt 0.958687 0.142973
vt 0.976306 0.160591
vt 0.958687 0.160591
vt 0.976306 0.178209
vt 0.958687 0.178209
vt 0.976306 0.195828
vt 0.958687 0.195828
vt 0.976306 0.213446
vt 0.958687 0.213446
vt 0.976306 0.231065
vt 0.958687 0.231065
vt 0.976306 0.248683
vt 0.958687 0.248683
vt 0.976306 0.266301
vt 0.958687 0.266301
vt 0.976306 0.283920
vt 0.958687 0.283920
vt 0.976306 0.301538
vt 0.958687 0.301538
vt 0.976306 0.319157
vt 0.958687 0.319157
vt 0.976306 0.336775
vt 0.958687 0.336775
vt 0.976306 0.354393
vt 0.958687 0.354393
vt 0.976306 0.372012
vt 0.958687 0.372012
vt 0.976306 0.389630
vt 0.958687 0.389630
vt 0.858444 0.072499
vt 0.876062 0.072499
vt 0.840826 0.393681
vt 0.858444 0.393681
vt 0.819157 0.054880
vt 0.836775 0.054880
vt 0.801538 0.054880
vt 0.819157 0.376062
vt 0.836775 0.376062
vt 0.801538 0.376062
vt 0.858444 0.054880
vt 0.876062 0.054880
vt 0.840825 0.072499
vt 0.840825 0.054880
vt 0.876062 0.393681
vt 0.858444 0.376062
vt 0.876062 0.376062
vt 0.840826 0.376062
vt 0.819157 0.037262
vt 0.836775 0.037262
vt 0.801538 0.037262
vt 0.819157 0.358444
vt 0.836775 0.358444
vt 0.801538 0.358444
vt 0.858444 0.037262
vt 0.876062 0.037262
vt 0.840825 0.037262
vt 0.858444 0.358444
vt 0.876062 0.358444
vt 0.840826 0.358444
vt 0.819157 0.019644
vt 0.836775 0.019644
vt 0.801538 0.019644
vt 0.819157 0.340825
vt 0.836775 0.340825
vt 0.801538 0.340825
vt 0.858444 0.019644
vt 0.876062 0.019644
vt 0.840825 0.019644
vt 0.858444 0.340825
vt 0.876062 0.340825
vt 0.840826 0.340825
vt 0.819157 0.002025
vt 0.836775 0.002025
vt 0.801538 0.002025
vt 0.819157 0.323207
vt 0.836775 0.323207
vt 0.801538 0.323207
vt 0.858444 0.002025
vt 0.876062 0.002025
vt 0.840826 0.002025
vt 0.858444 0.323207
vt 0.876062 0.323207
vt 0.840826 0.323207
vt 0.880113 0.319157
vt 0.880113 0.301538
vt 0.897731 0.301538
vt 0.897731 0.319157
vt 0.915350 0.301538
vt 0.915350 0.319157
vt 0.880113 0.640338
vt 0.880113 0.622720
vt 0.897731 0.622720
vt 0.897731 0.640338
vt 0.915350 0.622720
vt 0.915350 0.640338
vt 0.919400 0.319157
vt 0.919400 0.301538
vt 0.937019 0.301538
vt 0.937019 0.319157
vt 0.954637 0.301538
vt 0.954637 0.319157
vt 0.919400 0.640338
vt 0.919400 0.622720
vt 0.937018 0.622720
vt 0.937018 0.640338
vt 0.954637 0.622720
vt 0.954637 0.640338
vt 0.880113 0.283920
vt 0.897731 0.283920
vt 0.897731 0.605102
vt 0.915350 0.605102
vt 0.997975 0.781286
vt 0.980356 0.781286
vt 0.980356 0.763667
vt 0.997975 0.763667
vt 0.980356 0.746049
vt 0.997975 0.746049
vt 0.980356 0.728431
vt 0.997975 0.728431
vt 0.980356 0.710812
vt 0.997975 0.710812
vt 0.980356 0.693194
vt 0.997975 0.693194
vt 0.980356 0.675575
vt 0.997975 0.675575
vt 0.980356 0.657957
vt 0.997975 0.657957
vt 0.980356 0.640338
vt 0.997975 0.640338
vt 0.980356 0.622720
vt 0.997975 0.622720
vt 0.980356 0.605102
vt 0.997975 0.605102
vt 0.980356 0.587483
vt 0.997975 0.587483
vt 0.980356 0.569865
vt 0.997975 0.569865
vt 0.980356 0.552246
vt 0.997975 0.552246
vt 0.980356 0.534628
vt 0.997975 0.534628
vt 0.980356 0.517010
vt 0.997975 0.517010
vt 0.980356 0.499391
vt 0.997975 0.499391
vt 0.980356 0.481773
vt 0.997975 0.481773
vt 0.980356 0.464154
vt 0.997975 0.464154
vt 0.980356 0.446536
vt 0.997975 0.446536
vt 0.980356 0.428918
vt 0.997975 0.428918
vt 0.980356 0.411299
vt 0.997975 0.411299
vt 0.980356 0.393681
vt 0.997975 0.393681
vt 0.919400 0.283920
vt 0.937019 0.283920
vt 0.954637 0.283920
vt 0.919400 0.605102
vt 0.937018 0.605102
vt 0.954637 0.605102
vt 0.880113 0.266301
vt 0.897731 0.266301
vt 0.915350 0.266301
vt 0.915350 0.283920
vt 0.880113 0.605102
vt 0.880113 0.587483
vt 0.897731 0.587483
vt 0.915350 0.587483
vt 0.919400 0.266301
vt 0.937019 0.266301
vt 0.954637 0.266301
vt 0.919400 0.587483
vt 0.937018 0.587483
vt 0.954637 0.587483
vt 0.880113 0.248683
vt 0.897731 0.248683
vt 0.915350 0.248683
vt 0.880113 0.569865
vt 0.897731 0.569865
vt 0.915350 0.569865
vt 0.919400 0.248683
vt 0.937019 0.248683
vt 0.954637 0.248683
vt 0.919400 0.569865
vt 0.937018 0.569865
vt 0.954637 0.569865
vt 0.880113 0.231065
vt 0.897731 0.231065
vt 0.915350 0.231065
vt 0.880113 0.552246
vt 0.897731 0.552246
vt 0.915350 0.552246
vt 0.919400 0.231065
vt 0.937019 0.231065
vt 0.954637 0.231065
vt 0.919400 0.552246
vt 0.937018 0.552246
vt 0.954637 0.552246
vt 0.880113 0.213446
vt 0.897731 0.213446
vt 0.915350 0.213446
vt 0.880113 0.534628
vt 0.897731 0.534628
vt 0.915350 0.534628
vt 0.919400 0.213446
vt 0.937019 0.213446
vt 0.954637 0.213446
vt 0.919400 0.534628
vt 0.937018 0.534628
vt 0.954637 0.534628
vt 0.880113 0.195828
vt 0.897731 0.195828
vt 0.915350 0.195828
vt 0.880113 0.517010
vt 0.897731 0.517010
vt 0.915350 0.517010
vt 0.919400 0.195828
vt 0.937019 0.195828
vt 0.954637 0.195828
vt 0.919400 0.517010
vt 0.937018 0.517010
vt 0.954637 0.517010
vt 0.880113 0.178209
vt 0.897731 0.178209
vt 0.915350 0.178209
vt 0.880113 0.499391
vt 0.897731 0.499391
vt 0.915350 0.499391
vt 0.919400 0.178209
vt 0.937019 0.178209
vt 0.954637 0.178209
vt 0.919400 0.499391
vt 0.937018 0.499391
vt 0.954637 0.499391
vt 0.880113 0.160591
vt 0.897731 0.160591
vt 0.915350 0.160591
vt 0.880113 0.481773
vt 0.897731 0.481773
vt 0.915350 0.481773
vt 0.919400 0.160591
vt 0.937019 0.160591
vt 0.954637 0.160591
vt 0.919400 0.481773
vt 0.937018 0.481773
vt 0.954637 0.481773
vt 0.880113 0.142973
vt 0.897731 0.142973
vt 0.915350 0.142973
vt 0.880113 0.464154
vt 0.897731 0.464154
vt 0.915350 0.464154
vt 0.919400 0.142973
vt 0.937019 0.142973
vt 0.954637 0.142973
vt 0.919400 0.464154
vt 0.937018 0.464154
vt 0.954637 0.464154
vt 0.880113 0.125354
vt 0.897731 0.125354
vt 0.915350 0.125354
vt 0.880113 0.446536
vt 0.897731 0.446536
vt 0.915350 0.446536
vt 0.919400 0.125354
vt 0.937019 0.125354
vt 0.954637 0.125354
vt 0.919400 0.446536
vt 0.937018 0.446536
vt 0.954637 0.446536
vt 0.880113 0.107736
vt 0.897731 0.107736
vt 0.915350 0.107736
vt 0.880113 0.428917
vt 0.897731 0.428917
vt 0.915350 0.428917
vt 0.919400 0.107736
vt 0.937019 0.107736
vt 0.954637 0.107736
vt 0.919400 0.428917
vt 0.937018 0.428917
vt 0.954637 0.428917
vt 0.880113 0.090117
vt 0.897731 0.090117
vt 0.915350 0.090117
vt 0.880113 0.411299
vt 0.897731 0.411299
vt 0.915350 0.411299
vt 0.919400 0.090117
vt 0.937019 0.090117
vt 0.954637 0.090117
vt 0.919400 0.411299
vt 0.937018 0.411299
vt 0.954637 0.411299
vt 0.880113 0.072499
vt 0.897731 0.072499
vt 0.897731 0.393681
vt 0.915350 0.393681
vt 0.976306 0.781286
vt 0.958687 0.781286
vt 0.958687 0.763667
vt 0.976306 0.763667
vt 0.958687 0.746049
vt 0.976306 0.746049
vt 0.958687 0.728431
vt 0.976306 0.728431
vt 0.958687 0.710812
vt 0.976306 0.710812
vt 0.958687 0.693194
vt 0.976306 0.693194
vt 0.958687 0.675575
vt 0.976306 0.675575
vt 0.958687 0.657957
vt 0.976306 0.657957
vt 0.958687 0.640338
vt 0.976306 0.640338
vt 0.958687 0.622720
vt 0.976306 0.622720
vt 0.958687 0.605102
vt 0.976306 0.605102
vt 0.958687 0.587483
vt 0.976306 0.587483
vt 0.958687 0.569865
vt 0.976306 0.569865
vt 0.958687 0.552246
vt 0.976306 0.552246
vt 0.958687 0.534628
vt 0.976306 0.534628
vt 0.958687 0.517010
vt 0.976306 0.517010
vt 0.958687 0.499391
vt 0.976306 0.499391
vt 0.958687 0.481773
vt 0.976306 0.481773
vt 0.958687 0.464154
vt 0.976306 0.464154
vt 0.958687 0.446536
vt 0.976306 0.446536
vt 0.958687 0.428918
vt 0.976306 0.428918
vt 0.958687 0.411299
vt 0.976306 0.411299
vt 0.958687 0.393681
vt 0.976306 0.393681
vt 0.919400 0.072499
vt 0.937019 0.072499
vt 0.954637 0.072499
vt 0.919400 0.393681
vt 0.937018 0.393681
vt 0.954637 0.393681
vt 0.880113 0.054880
vt 0.897731 0.054880
vt 0.915350 0.054880
vt 0.915350 0.072499
vt 0.880113 0.393681
vt 0.880113 0.376062
vt 0.897731 0.376062
vt 0.915350 0.376062
vt 0.919400 0.054880
vt 0.937019 0.054880
vt 0.954637 0.054880
vt 0.919400 0.376062
vt 0.937018 0.376062
vt 0.954637 0.376062
vt 0.880113 0.037262
vt 0.897731 0.037262
vt 0.915350 0.037262
vt 0.880113 0.358444
vt 0.897731 0.358444
vt 0.915350 0.358444
vt 0.919400 0.037262
vt 0.937019 0.037262
vt 0.954637 0.037262
vt 0.919400 0.358444
vt 0.937018 0.358444
vt 0.954637 0.358444
vt 0.880113 0.019644
vt 0.897731 0.019644
vt 0.915350 0.019644
vt 0.880113 0.340825
vt 0.897731 0.340825
vt 0.915350 0.340825
vt 0.919400 0.019644
vt 0.937019 0.019644
vt 0.954637 0.019644
vt 0.919400 0.340825
vt 0.937018 0.340825
vt 0.954637 0.340825
vt 0.880113 0.002025
vt 0.897731 0.002025
vt 0.915350 0.002025
vt 0.880113 0.323207
vt 0.897731 0.323207
vt 0.915350 0.323207
vt 0.919400 0.002025
vt 0.937019 0.002025
vt 0.954637 0.002025
vt 0.919400 0.323207
vt 0.937018 0.323207
vt 0.954637 0.323207
vt 0.779869 0.644389
vt 0.779869 0.662007
vt 0.762251 0.662007
vt 0.762251 0.644389
vt 0.744633 0.662007
vt 0.744633 0.644389
vt 0.744632 0.683676
vt 0.762251 0.683676
vt 0.762251 0.701295
vt 0.744632 0.701295
vt 0.762251 0.718913
vt 0.744632 0.718913
vt 0.779869 0.679626
vt 0.762251 0.679626
vt 0.744633 0.679626
vt 0.779869 0.683676
vt 0.779869 0.701295
vt 0.779869 0.718913
vt 0.779869 0.722964
vt 0.779869 0.740582
vt 0.762251 0.740582
vt 0.762251 0.722964
vt 0.744633 0.740582
vt 0.744633 0.722964
vt 0.779869 0.797488
vt 0.762251 0.797488
vt 0.762251 0.779869
vt 0.779869 0.779869
vt 0.762251 0.762251
vt 0.779869 0.762251
vt 0.779869 0.758200
vt 0.762251 0.758200
vt 0.744633 0.758200
vt 0.744633 0.797488
vt 0.744633 0.779869
vt 0.744633 0.762251
vt 0.002025 0.019644
vt 0.019644 0.019644
vt 0.019644 0.037262
vt 0.002025 0.037262
vt 0.019644 0.054880
vt 0.002025 0.054880
vt 0.019644 0.072499
vt 0.002025 0.072499
vt 0.019644 0.090117
vt 0.002025 0.090117
vt 0.019644 0.107736
vt 0.002025 0.107736
vt 0.019644 0.125354
vt 0.002025 0.125354
vt 0.019644 0.142973
vt 0.002025 0.142973
vt 0.019644 0.160591
vt 0.002025 0.160591
vt 0.019644 0.178209
vt 0.002025 0.178209
vt 0.019644 0.195828
vt 0.002025 0.195828
vt 0.019644 0.213446
vt 0.002025 0.213446
vt 0.019644 0.231065
vt 0.002025 0.231065
vt 0.019644 0.248683
vt 0.002025 0.248683
vt 0.019644 0.266301
vt 0.002025 0.266301
vt 0.019644 0.283920
vt 0.002025 0.283920
vt 0.019644 0.301538
vt 0.002025 0.301538
vt 0.019644 0.319157
vt 0.002025 0.319157
vt 0.019644 0.336775
vt 0.002025 0.336775
vt 0.019644 0.354393
vt 0.002025 0.354393
vt 0.019644 0.372012
vt 0.002025 0.372012
vt 0.019644 0.389630
vt 0.002025 0.389630
vt 0.019644 0.407249
vt 0.002025 0.407249
vt 0.019644 0.002025
vt 0.037262 0.002025
vt 0.037262 0.019644
vt 0.037262 0.037262
vt 0.037262 0.054880
vt 0.037262 0.072499
vt 0.037262 0.090117
vt 0.037262 0.107736
vt 0.037262 0.125354
vt 0.037262 0.142973
vt 0.037262 0.160591
vt 0.037262 0.178209
vt 0.037262 0.195828
vt 0.037262 0.213446
vt 0.037262 0.231065
vt 0.037262 0.248683
vt 0.037262 0.266301
vt 0.037262 0.283920
vt 0.037262 0.301538
vt 0.037262 0.319157
vt 0.037262 0.336775
vt 0.037262 0.354393
vt 0.037262 0.372012
vt 0.037262 0.389630
vt 0.037262 0.407249
vt 0.037262 0.424867
vt 0.019644 0.424867
vt 0.054880 0.002025
vt 0.054880 0.019644
vt 0.054880 0.037262
vt 0.054880 0.054880
vt 0.054880 0.072499
vt 0.054880 0.090117
vt 0.054880 0.107736
vt 0.054880 0.125354
vt 0.054880 0.142973
vt 0.054880 0.160591
vt 0.054880 0.178209
vt 0.054880 0.195828
vt 0.054880 0.213446
vt 0.054880 0.231065
vt 0.054880 0.248683
vt 0.054880 0.266301
vt 0.054880 0.283920
vt 0.054880 0.301538
vt 0.054880 0.319157
vt 0.054880 0.336775
vt 0.054880 0.354393
vt 0.054880 0.372012
vt 0.054880 0.389630
vt 0.054880 0.407249
vt 0.054880 0.424867
vt 0.072499 0.002025
vt 0.072499 0.019644
vt 0.072499 0.037262
vt 0.072499 0.054880
vt 0.072499 0.072499
vt 0.072499 0.090117
vt 0.072499 0.107736
vt 0.072499 0.125354
vt 0.072499 0.142973
vt 0.072499 0.160591
vt 0.072499 0.178209
vt 0.072499 0.195828
vt 0.072499 0.213446
vt 0.072499 0.231065
vt 0.072499 0.248683
vt 0.072499 0.266301
vt 0.072499 0.283920
vt 0.072499 0.301538
vt 0.072499 0.319157
vt 0.072499 0.336775
vt 0.072499 0.354393
vt 0.072499 0.372012
vt 0.072499 0.389630
vt 0.072499 0.407249
vt 0.072499 0.424867
vt 0.090117 0.002025
vt 0.090117 0.019644
vt 0.090117 0.037262
vt 0.090117 0.054880
vt 0.090117 0.072499
vt 0.090117 0.090117
vt 0.090117 0.107736
vt 0.090117 0.125354
vt 0.090117 0.142973
vt 0.090117 0.160591
vt 0.090117 0.178209
vt 0.090117 0.195828
vt 0.090117 0.213446
vt 0.090117 0.231065
vt 0.090117 0.248683
vt 0.090117 0.266301
vt 0.090117 0.283920
vt 0.090117 0.301538
vt 0.090117 0.319157
vt 0.090117 0.336775
vt 0.090117 0.354393
vt 0.090117 0.372012
vt 0.090117 0.389630
vt 0.090117 0.407249
vt 0.090117 0.424867
vt 0.107736 0.002025
vt 0.107736 0.019644
vt 0.107736 0.037262
vt 0.107736 0.054880
vt 0.107736 0.072499
vt 0.107736 0.090117
vt 0.107736 0.107736
vt 0.107736 0.125354
vt 0.107736 0.142973
vt 0.107736 0.160591
vt 0.107736 0.178209
vt 0.107736 0.195828
vt 0.107736 0.213446
vt 0.107736 0.231065
vt 0.107736 0.248683
vt 0.107736 0.266301
vt 0.107736 0.283920
vt 0.107736 0.301538
vt 0.107736 0.319157
vt 0.107736 0.336775
vt 0.107736 0.354393
vt 0.107736 0.372012
vt 0.107736 0.389630
vt 0.107736 0.407249
vt 0.107736 0.424867
vt 0.125354 0.002025
vt 0.125354 0.019644
vt 0.125354 0.037262
vt 0.125354 0.054880
vt 0.125354 0.072499
vt 0.125354 0.090117
vt 0.125354 0.107736
vt 0.125354 0.125354
vt 0.125354 0.142973
vt 0.125354 0.160591
vt 0.125354 0.178209
vt 0.125354 0.195828
vt 0.125354 0.213446
vt 0.125354 0.231065
vt 0.125354 0.248683
vt 0.125354 0.266301
vt 0.125354 0.283920
vt 0.125354 0.301538
vt 0.125354 0.319157
vt 0.125354 0.336775
vt 0.125354 0.354393
vt 0.125354 0.372012
vt 0.125354 0.389630
vt 0.125354 0.407249
vt 0.125354 0.424867
vt 0.142973 0.002025
vt 0.142973 0.019644
vt 0.142973 0.037262
vt 0.142973 0.054880
vt 0.142973 0.072499
vt 0.142973 0.090117
vt 0.142973 0.107736
vt 0.142973 0.125354
vt 0.142973 0.142973
vt 0.142973 0.160591
vt 0.142973 0.178209
vt 0.142973 0.195828
vt 0.142973 0.213446
vt 0.142973 0.231065
vt 0.142973 0.248683
vt 0.142973 0.266301
vt 0.142973 0.283920
vt 0.142973 0.301538
vt 0.142973 0.319157
vt 0.142973 0.336775
vt 0.142973 0.354393
vt 0.142973 0.372012
vt 0.142973 0.389630
vt 0.142973 0.407249
vt 0.142973 0.424867
vt 0.160591 0.002025
vt 0.160591 0.019644
vt 0.160591 0.037262
vt 0.160591 0.054880
vt 0.160591 0.072499
vt 0.160591 0.090117
vt 0.160591 0.107736
vt 0.160591 0.125354
vt 0.160591 0.142973
vt 0.160591 0.160591
vt 0.160591 0.178209
vt 0.160591 0.195828
vt 0.160591 0.213446
vt 0.160591 0.231065
vt 0.160591 0.248683
vt 0.160591 0.266301
vt 0.160591 0.283920
vt 0.160591 0.301538
vt 0.160591 0.319157
vt 0.160591 0.336775
vt 0.160591 0.354393
vt 0.160591 0.372012
vt 0.160591 0.389630
vt 0.160591 0.407249
vt 0.160591 0.424867
vt 0.178209 0.002025
vt 0.178209 0.019644
vt 0.178209 0.037262
vt 0.178209 0.054880
vt 0.178209 0.072499
vt 0.178209 0.090117
vt 0.178209 0.107736
vt 0.178209 0.125354
vt 0.178209 0.142973
vt 0.178209 0.160591
vt 0.178209 0.178209
vt 0.178209 0.195828
vt 0.178209 0.213446
vt 0.178209 0.231065
vt 0.178209 0.248683
vt 0.178209 0.266301
vt 0.178209 0.283920
vt 0.178209 0.301538
vt 0.178209 0.319157
vt 0.178209 0.336775
vt 0.178209 0.354393
vt 0.178209 0.372012
vt 0.178209 0.389630
vt 0.178209 0.407249
vt 0.178209 0.424867
vt 0.195828 0.002025
vt 0.195828 0.019644
vt 0.195828 0.037262
vt 0.195828 0.054880
vt 0.195828 0.072499
vt 0.195828 0.090117
vt 0.195828 0.107736
vt 0.195828 0.125354
vt 0.195828 0.142973
vt 0.195828 0.160591
vt 0.195828 0.178209
vt 0.195828 0.195828
vt 0.195828 0.213446
vt 0.195828 0.231065
vt 0.195828 0.248683
vt 0.195828 0.266301
vt 0.195828 0.283920
vt 0.195828 0.301538
vt 0.195828 0.319157
vt 0.195828 0.336775
vt 0.195828 0.354393
vt 0.195828 0.372012
vt 0.195828 0.389630
vt 0.195828 0.407249
vt 0.195828 0.424867
vt 0.213446 0.002025
vt 0.213446 0.019644
vt 0.213446 0.037262
vt 0.213446 0.054880
vt 0.213446 0.072499
vt 0.213446 0.090117
vt 0.213446 0.107736
vt 0.213446 0.125354
vt 0.213446 0.142973
vt 0.213446 0.160591
vt 0.213446 0.178209
vt 0.213446 0.195828
vt 0.213446 0.213446
vt 0.213446 0.231065
vt 0.213446 0.248683
vt 0.213446 0.266301
vt 0.213446 0.283920
vt 0.213446 0.301538
vt 0.213446 0.319157
vt 0.213446 0.336775
vt 0.213446 0.354393
vt 0.213446 0.372012
vt 0.213446 0.389630
vt 0.213446 0.407249
vt 0.213446 0.424867
vt 0.231065 0.002025
vt 0.231065 0.019644
vt 0.231065 0.037262
vt 0.231065 0.054880
vt 0.231065 0.072499
vt 0.231065 0.090117
vt 0.231065 0.107736
vt 0.231065 0.125354
vt 0.231065 0.142973
vt 0.231065 0.160591
vt 0.231065 0.178209
vt 0.231065 0.195828
vt 0.231065 0.213446
vt 0.231065 0.231065
vt 0.231065 0.248683
vt 0.231065 0.266301
vt 0.231065 0.283920
vt 0.231065 0.301538
vt 0.231065 0.319157
vt 0.231065 0.336775
vt 0.231065 0.354393
vt 0.231065 0.372012
vt 0.231065 0.389630
vt 0.231065 0.407249
vt 0.231065 0.424867
vt 0.248683 0.002025
vt 0.248683 0.019644
vt 0.248683 0.037262
vt 0.248683 0.054880
vt 0.248683 0.072499
vt 0.248683 0.090117
vt 0.248683 0.107736
vt 0.248683 0.125354
vt 0.248683 0.142973
vt 0.248683 0.160591
vt 0.248683 0.178209
vt 0.248683 0.195828
vt 0.248683 0.213446
vt 0.248683 0.231065
vt 0.248683 0.248683
vt 0.248683 0.266301
vt 0.248683 0.283920
vt 0.248683 0.301538
vt 0.248683 0.319157
vt 0.248683 0.336775
vt 0.248683 0.354393
vt 0.248683 0.372012
vt 0.248683 0.389630
vt 0.248683 0.407249
vt 0.248683 0.424867
vt 0.266301 0.002025
vt 0.266301 0.019644
vt 0.266301 0.037262
vt 0.266301 0.054880
vt 0.266301 0.072499
vt 0.266301 0.090117
vt 0.266301 0.107736
vt 0.266301 0.125354
vt 0.266301 0.142973
vt 0.266301 0.160591
vt 0.266301 0.178209
vt 0.266301 0.195828
vt 0.266301 0.213446
vt 0.266301 0.231065
vt 0.266301 0.248683
vt 0.266301 0.266301
vt 0.266301 0.283920
vt 0.266301 0.301538
vt 0.266301 0.319157
vt 0.266301 0.336775
vt 0.266301 0.354393
vt 0.266301 0.372012
vt 0.266301 0.389630
vt 0.266301 0.407249
vt 0.266301 0.424867
vt 0.283920 0.002025
vt 0.283920 0.019644
vt 0.283920 0.037262
vt 0.283920 0.054880
vt 0.283920 0.072499
vt 0.283920 0.090117
vt 0.283920 0.107736
vt 0.283920 0.125354
vt 0.283920 0.142973
vt 0.283920 0.160591
vt 0.283920 0.178209
vt 0.283920 0.195828
vt 0.283920 0.213446
vt 0.283920 0.231065
vt 0.283920 0.248683
vt 0.283920 0.266301
vt 0.283920 0.283920
vt 0.283920 0.301538
vt 0.283920 0.319157
vt 0.283920 0.336775
vt 0.283920 0.354393
vt 0.283920 0.372012
vt 0.283920 0.389630
vt 0.283920 0.407249
vt 0.283920 0.424867
vt 0.301538 0.002025
vt 0.301538 0.019644
vt 0.301538 0.037262
vt 0.301538 0.054880
vt 0.301538 0.072499
vt 0.301538 0.090117
vt 0.301538 0.107736
vt 0.301538 0.125354
vt 0.301538 0.142973
vt 0.301538 0.160591
vt 0.301538 0.178209
vt 0.301538 0.195828
vt 0.301538 0.213446
vt 0.301538 0.231065
vt 0.301538 0.248683
vt 0.301538 0.266301
vt 0.301538 0.283920
vt 0.301538 0.301538
vt 0.301538 0.319157
vt 0.301538 0.336775
vt 0.301538 0.354393
vt 0.301538 0.372012
vt 0.301538 0.389630
vt 0.301538 0.407249
vt 0.301538 0.424867
vt 0.319157 0.019644
vt 0.319157 0.037262
vt 0.319157 0.054881
vt 0.319157 0.072499
vt 0.319157 0.090117
vt 0.319157 0.107736
vt 0.319157 0.125354
vt 0.319157 0.142973
vt 0.319157 0.160591
vt 0.319157 0.178209
vt 0.319157 0.195828
vt 0.319157 0.213446
vt 0.319157 0.231065
vt 0.319157 0.248683
vt 0.319157 0.266301
vt 0.319157 0.283920
vt 0.319157 0.301538
vt 0.319157 0.319157
vt 0.319157 0.336775
vt 0.319157 0.354393
vt 0.319157 0.372012
vt 0.319157 0.389630
vt 0.319157 0.407249
vt 0.323207 0.019644
vt 0.340826 0.019644
vt 0.340826 0.037262
vt 0.323207 0.037262
vt 0.340826 0.054880
vt 0.323207 0.054880
vt 0.340826 0.072499
vt 0.323207 0.072499
vt 0.340826 0.090117
vt 0.323207 0.090117
vt 0.340826 0.107736
vt 0.323207 0.107736
vt 0.340826 0.125354
vt 0.323207 0.125354
vt 0.340826 0.142973
vt 0.323207 0.142973
vt 0.340826 0.160591
vt 0.323207 0.160591
vt 0.340826 0.178209
vt 0.323207 0.178209
vt 0.340826 0.195828
vt 0.323207 0.195828
vt 0.340825 0.213446
vt 0.323207 0.213446
vt 0.340825 0.231065
vt 0.323207 0.231065
vt 0.340825 0.248683
vt 0.323207 0.248683
vt 0.340825 0.266301
vt 0.323207 0.266301
vt 0.340825 0.283920
vt 0.323207 0.283920
vt 0.340825 0.301538
vt 0.323207 0.301538
vt 0.340825 0.319157
vt 0.323207 0.319157
vt 0.340825 0.336775
vt 0.323207 0.336775
vt 0.340825 0.354393
vt 0.323207 0.354393
vt 0.340825 0.372012
vt 0.323207 0.372012
vt 0.340825 0.389630
vt 0.323207 0.389630
vt 0.340825 0.407249
vt 0.323207 0.407249
vt 0.340826 0.002025
vt 0.358444 0.002025
vt 0.358444 0.019644
vt 0.358444 0.037262
vt 0.358444 0.054880
vt 0.358444 0.072499
vt 0.358444 0.090117
vt 0.358444 0.107736
vt 0.358444 0.125354
vt 0.358444 0.142973
vt 0.358444 0.160591
vt 0.358444 0.178209
vt 0.358444 0.195828
vt 0.358444 0.213446
vt 0.358444 0.231065
vt 0.358444 0.248683
vt 0.358444 0.266301
vt 0.358444 0.283920
vt 0.358444 0.301538
vt 0.358444 0.319157
vt 0.358444 0.336775
vt 0.358444 0.354393
vt 0.358444 0.372012
vt 0.358444 0.389630
vt 0.358444 0.407249
vt 0.358444 0.424867
vt 0.340825 0.424867
vt 0.376062 0.002025
vt 0.376062 0.019644
vt 0.376062 0.037262
vt 0.376062 0.054880
vt 0.376062 0.072499
vt 0.376062 0.090117
vt 0.376062 0.107736
vt 0.376062 0.125354
vt 0.376062 0.142973
vt 0.376062 0.160591
vt 0.376062 0.178209
vt 0.376062 0.195828
vt 0.376062 0.213446
vt 0.376062 0.231065
vt 0.376062 0.248683
vt 0.376062 0.266301
vt 0.376062 0.283920
vt 0.376062 0.301538
vt 0.376062 0.319157
vt 0.376062 0.336775
vt 0.376062 0.354393
vt 0.376062 0.372012
vt 0.376062 0.389630
vt 0.376062 0.407249
vt 0.376062 0.424867
vt 0.393681 0.002025
vt 0.393681 0.019644
vt 0.393681 0.037262
vt 0.393681 0.054880
vt 0.393681 0.072499
vt 0.393681 0.090117
vt 0.393681 0.107736
vt 0.393681 0.125354
vt 0.393681 0.142973
vt 0.393681 0.160591
vt 0.393681 0.178209
vt 0.393681 0.195828
vt 0.393681 0.213446
vt 0.393681 0.231065
vt 0.393681 0.248683
vt 0.393681 0.266301
vt 0.393681 0.283920
vt 0.393681 0.301538
vt 0.393681 0.319157
vt 0.393681 0.336775
vt 0.393681 0.354393
vt 0.393681 0.372012
vt 0.393681 0.389630
vt 0.393681 0.407249
vt 0.393681 0.424867
vt 0.411299 0.002025
vt 0.411299 0.019644
vt 0.411299 0.037262
vt 0.411299 0.054880
vt 0.411299 0.072499
vt 0.411299 0.090117
vt 0.411299 0.107736
vt 0.411299 0.125354
vt 0.411299 0.142973
vt 0.411299 0.160591
vt 0.411299 0.178209
vt 0.411299 0.195828
vt 0.411299 0.213446
vt 0.411299 0.231065
vt 0.411299 0.248683
vt 0.411299 0.266301
vt 0.411299 0.283920
vt 0.411299 0.301538
vt 0.411299 0.319157
vt 0.411299 0.336775
vt 0.411299 0.354393
vt 0.411299 0.372012
vt 0.411299 0.389630
vt 0.411299 0.407249
vt 0.411299 0.424867
vt 0.428918 0.002025
vt 0.428918 0.019644
vt 0.428918 0.037262
vt 0.428918 0.054880
vt 0.428918 0.072499
vt 0.428918 0.090117
vt 0.428918 0.107736
vt 0.428918 0.125354
vt 0.428918 0.142973
vt 0.428918 0.160591
vt 0.428918 0.178209
vt 0.428918 0.195828
vt 0.428918 0.213446
vt 0.428918 0.231065
vt 0.428918 0.248683
vt 0.428918 0.266301
vt 0.428918 0.283920
vt 0.428918 0.301538
vt 0.428918 0.319157
vt 0.428918 0.336775
vt 0.428918 0.354393
vt 0.428918 0.372012
vt 0.428918 0.389630
vt 0.428918 0.407249
vt 0.428918 0.424867
vt 0.446536 0.002025
vt 0.446536 0.019644
vt 0.446536 0.037262
vt 0.446536 0.054880
vt 0.446536 0.072499
vt 0.446536 0.090117
vt 0.446536 0.107736
vt 0.446536 0.125354
vt 0.446536 0.142973
vt 0.446536 0.160591
vt 0.446536 0.178209
vt 0.446536 0.195828
vt 0.446536 0.213446
vt 0.446536 0.231065
vt 0.446536 0.248683
vt 0.446536 0.266301
vt 0.446536 0.283920
vt 0.446536 0.301538
vt 0.446536 0.319157
vt 0.446536 0.336775
vt 0.446536 0.354393
vt 0.446536 0.372012
vt 0.446536 0.389630
vt 0.446536 0.407249
vt 0.446536 0.424867
vt 0.464154 0.002025
vt 0.464154 0.019644
vt 0.464154 0.037262
vt 0.464154 0.054880
vt 0.464154 0.072499
vt 0.464154 0.090117
vt 0.464154 0.107736
vt 0.464154 0.125354
vt 0.464154 0.142973
vt 0.464154 0.160591
vt 0.464154 0.178209
vt 0.464154 0.195828
vt 0.464154 0.213446
vt 0.464154 0.231065
vt 0.464154 0.248683
vt 0.464154 0.266301
vt 0.464154 0.283920
vt 0.464154 0.301538
vt 0.464154 0.319157
vt 0.464154 0.336775
vt 0.464154 0.354393
vt 0.464154 0.372012
vt 0.464154 0.389630
vt 0.464154 0.407249
vt 0.464154 0.424867
vt 0.481773 0.002025
vt 0.481773 0.019644
vt 0.481773 0.037262
vt 0.481773 0.054880
vt 0.481773 0.072499
vt 0.481773 0.090117
vt 0.481773 0.107736
vt 0.481773 0.125354
vt 0.481773 0.142973
vt 0.481773 0.160591
vt 0.481773 0.178209
vt 0.481773 0.195828
vt 0.481773 0.213446
vt 0.481773 0.231065
vt 0.481773 0.248683
vt 0.481773 0.266301
vt 0.481773 0.283920
vt 0.481773 0.301538
vt 0.481773 0.319157
vt 0.481773 0.336775
vt 0.481773 0.354393
vt 0.481773 0.372012
vt 0.481773 0.389630
vt 0.481773 0.407249
vt 0.481773 0.424867
vt 0.499391 0.002025
vt 0.499391 0.019644
vt 0.499391 0.037262
vt 0.499391 0.054880
vt 0.499391 0.072499
vt 0.499391 0.090117
vt 0.499391 0.107736
vt 0.499391 0.125354
vt 0.499391 0.142973
vt 0.499391 0.160591
vt 0.499391 0.178209
vt 0.499391 0.195828
vt 0.499391 0.213446
vt 0.499391 0.231065
vt 0.499391 0.248683
vt 0.499391 0.266301
vt 0.499391 0.283920
vt 0.499391 0.301538
vt 0.499391 0.319157
vt 0.499391 0.336775
vt 0.499391 0.354393
vt 0.499391 0.372012
vt 0.499391 0.389630
vt 0.499391 0.407249
vt 0.499391 0.424867
vt 0.517010 0.002025
vt 0.517010 0.019644
vt 0.517010 0.037262
vt 0.517010 0.054880
vt 0.517010 0.072499
vt 0.517010 0.090117
vt 0.517010 0.107736
vt 0.517010 0.125354
vt 0.517010 0.142973
vt 0.517010 0.160591
vt 0.517010 0.178209
vt 0.517010 0.195828
vt 0.517010 0.213446
vt 0.517010 0.231065
vt 0.517010 0.248683
vt 0.517010 0.266301
vt 0.517010 0.283920
vt 0.517010 0.301538
vt 0.517010 0.319157
vt 0.517010 0.336775
vt 0.517010 0.354393
vt 0.517010 0.372012
vt 0.517010 0.389630
vt 0.517010 0.407249
vt 0.517010 0.424867
vt 0.534628 0.002025
vt 0.534628 0.019644
vt 0.534628 0.037262
vt 0.534628 0.054880
vt 0.534628 0.072499
vt 0.534628 0.090117
vt 0.534628 0.107736
vt 0.534628 0.125354
vt 0.534628 0.142973
vt 0.534628 0.160591
vt 0.534628 0.178209
vt 0.534628 0.195828
vt 0.534628 0.213446
vt 0.534628 0.231065
vt 0.534628 0.248683
vt 0.534628 0.266301
vt 0.534628 0.283920
vt 0.534628 0.301538
vt 0.534628 0.319157
vt 0.534628 0.336775
vt 0.534628 0.354393
vt 0.534628 0.372012
vt 0.534628 0.389630
vt 0.534628 0.407249
vt 0.534628 0.424867
vt 0.552246 0.002025
vt 0.552246 0.019644
vt 0.552246 0.037262
vt 0.552246 0.054880
vt 0.552246 0.072499
vt 0.552246 0.090117
vt 0.552246 0.107736
vt 0.552246 0.125354
vt 0.552246 0.142973
vt 0.552246 0.160591
vt 0.552246 0.178209
vt 0.552246 0.195828
vt 0.552246 0.213446
vt 0.552246 0.231065
vt 0.552246 0.248683
vt 0.552246 0.266301
vt 0.552246 0.283920
vt 0.552246 0.301538
vt 0.552246 0.319157
vt 0.552246 0.336775
vt 0.552246 0.354393
vt 0.552246 0.372012
vt 0.552246 0.389630
vt 0.552246 0.407249
vt 0.552246 0.424867
vt 0.569865 0.002025
vt 0.569865 0.019644
vt 0.569865 0.037262
vt 0.569865 0.054880
vt 0.569865 0.072499
vt 0.569865 0.090117
vt 0.569865 0.107736
vt 0.569865 0.125354
vt 0.569865 0.142973
vt 0.569865 0.160591
vt 0.569865 0.178209
vt 0.569865 0.195828
vt 0.569865 0.213446
vt 0.569865 0.231065
vt 0.569865 0.248683
vt 0.569865 0.266301
vt 0.569865 0.283920
vt 0.569865 0.301538
vt 0.569865 0.319157
vt 0.569865 0.336775
vt 0.569865 0.354393
vt 0.569865 0.372012
vt 0.569865 0.389630
vt 0.569865 0.407249
vt 0.569865 0.424867
vt 0.587483 0.002025
vt 0.587483 0.019644
vt 0.587483 0.037262
vt 0.587483 0.054881
vt 0.587483 0.072499
vt 0.587483 0.090117
vt 0.587483 0.107736
vt 0.587483 0.125354
vt 0.587483 0.142973
vt 0.587483 0.160591
vt 0.587483 0.178209
vt 0.587483 0.195828
vt 0.587483 0.213446
vt 0.587483 0.231065
vt 0.587483 0.248683
vt 0.587483 0.266301
vt 0.587483 0.283920
vt 0.587483 0.301538
vt 0.587483 0.319157
vt 0.587483 0.336775
vt 0.587483 0.354393
vt 0.587483 0.372012
vt 0.587483 0.389630
vt 0.587483 0.407249
vt 0.587483 0.424867
vt 0.605102 0.002025
vt 0.605102 0.019644
vt 0.605102 0.037262
vt 0.605102 0.054881
vt 0.605102 0.072499
vt 0.605102 0.090117
vt 0.605102 0.107736
vt 0.605102 0.125354
vt 0.605102 0.142973
vt 0.605102 0.160591
vt 0.605102 0.178209
vt 0.605102 0.195828
vt 0.605102 0.213446
vt 0.605102 0.231065
vt 0.605102 0.248683
vt 0.605102 0.266301
vt 0.605102 0.283920
vt 0.605102 0.301538
vt 0.605102 0.319157
vt 0.605102 0.336775
vt 0.605102 0.354393
vt 0.605102 0.372012
vt 0.605102 0.389630
vt 0.605102 0.407249
vt 0.605102 0.424867
vt 0.622720 0.002025
vt 0.622720 0.019644
vt 0.622720 0.037262
vt 0.622720 0.054881
vt 0.622720 0.072499
vt 0.622720 0.090117
vt 0.622720 0.107736
vt 0.622720 0.125354
vt 0.622720 0.142973
vt 0.622720 0.160591
vt 0.622720 0.178209
vt 0.622720 0.195828
vt 0.622720 0.213446
vt 0.622720 0.231065
vt 0.622720 0.248683
vt 0.622720 0.266301
vt 0.622720 0.283920
vt 0.622720 0.301538
vt 0.622720 0.319157
vt 0.622720 0.336775
vt 0.622720 0.354393
vt 0.622720 0.372012
vt 0.622720 0.389630
vt 0.622720 0.407249
vt 0.622720 0.424867
vt 0.640339 0.019644
vt 0.640338 0.037262
vt 0.640338 0.054881
vt 0.640338 0.072499
vt 0.640338 0.090117
vt 0.640338 0.107736
vt 0.640338 0.125354
vt 0.640338 0.142973
vt 0.640338 0.160591
vt 0.640338 0.178209
vt 0.640338 0.195828
vt 0.640338 0.213446
vt 0.640338 0.231065
vt 0.640338 0.248683
vt 0.640338 0.266301
vt 0.640338 0.283920
vt 0.640338 0.301538
vt 0.640338 0.319157
vt 0.640338 0.336775
vt 0.640338 0.354393
vt 0.640338 0.372012
vt 0.640338 0.389630
vt 0.640338 0.407249
vt 0.002025 0.834141
vt 0.002025 0.816523
vt 0.019644 0.816523
vt 0.019644 0.834141
vt 0.002025 0.798904
vt 0.019644 0.798904
vt 0.002025 0.781286
vt 0.019644 0.781286
vt 0.002025 0.763667
vt 0.019644 0.763667
vt 0.002025 0.746049
vt 0.019644 0.746049
vt 0.002025 0.728431
vt 0.019644 0.728431
vt 0.002025 0.710812
vt 0.019644 0.710812
vt 0.002025 0.693194
vt 0.019644 0.693194
vt 0.002025 0.675575
vt 0.019644 0.675575
vt 0.002025 0.657957
vt 0.019644 0.657957
vt 0.002025 0.640339
vt 0.019644 0.640339
vt 0.002025 0.622720
vt 0.019644 0.622720
vt 0.002025 0.605102
vt 0.019644 0.605102
vt 0.002025 0.587483
vt 0.019644 0.587483
vt 0.002025 0.569865
vt 0.019644 0.569865
vt 0.002025 0.552247
vt 0.019644 0.552247
vt 0.002025 0.534628
vt 0.019644 0.534628
vt 0.002025 0.517010
vt 0.019644 0.517010
vt 0.002025 0.499391
vt 0.019644 0.499391
vt 0.002025 0.481773
vt 0.019644 0.481773
vt 0.002025 0.464154
vt 0.019644 0.464154
vt 0.002025 0.446536
vt 0.019644 0.446536
vt 0.019644 0.851759
vt 0.037262 0.834141
vt 0.037262 0.851759
vt 0.037262 0.816523
vt 0.037262 0.798904
vt 0.037262 0.781286
vt 0.037262 0.763667
vt 0.037262 0.746049
vt 0.037262 0.728431
vt 0.037262 0.710812
vt 0.037262 0.693194
vt 0.037262 0.675575
vt 0.037262 0.657957
vt 0.037262 0.640339
vt 0.037262 0.622720
vt 0.037262 0.605102
vt 0.037262 0.587483
vt 0.037262 0.569865
vt 0.037262 0.552247
vt 0.037262 0.534628
vt 0.037262 0.517010
vt 0.037262 0.499391
vt 0.037262 0.481773
vt 0.037262 0.464154
vt 0.037262 0.446536
vt 0.019644 0.428918
vt 0.037262 0.428918
vt 0.054880 0.834141
vt 0.054880 0.851759
vt 0.054880 0.816523
vt 0.054880 0.798904
vt 0.054880 0.781286
vt 0.054880 0.763667
vt 0.054880 0.746049
vt 0.054880 0.728431
vt 0.054880 0.710812
vt 0.054880 0.693194
vt 0.054880 0.675575
vt 0.054880 0.657957
vt 0.054880 0.640339
vt 0.054880 0.622720
vt 0.054880 0.605102
vt 0.054880 0.587483
vt 0.054880 0.569865
vt 0.054880 0.552247
vt 0.054880 0.534628
vt 0.054880 0.517010
vt 0.054880 0.499391
vt 0.054880 0.481773
vt 0.054880 0.464154
vt 0.054880 0.446536
vt 0.054880 0.428918
vt 0.072499 0.834141
vt 0.072499 0.851759
vt 0.072499 0.816523
vt 0.072499 0.798904
vt 0.072499 0.781286
vt 0.072499 0.763667
vt 0.072499 0.746049
vt 0.072499 0.728431
vt 0.072499 0.710812
vt 0.072499 0.693194
vt 0.072499 0.675575
vt 0.072499 0.657957
vt 0.072499 0.640339
vt 0.072499 0.622720
vt 0.072499 0.605102
vt 0.072499 0.587483
vt 0.072499 0.569865
vt 0.072499 0.552247
vt 0.072499 0.534628
vt 0.072499 0.517010
vt 0.072499 0.499391
vt 0.072499 0.481773
vt 0.072499 0.464154
vt 0.072499 0.446536
vt 0.072499 0.428918
vt 0.090117 0.834141
vt 0.090117 0.851759
vt 0.090117 0.816523
vt 0.090117 0.798904
vt 0.090117 0.781286
vt 0.090117 0.763667
vt 0.090117 0.746049
vt 0.090117 0.728431
vt 0.090117 0.710812
vt 0.090117 0.693194
vt 0.090117 0.675575
vt 0.090117 0.657957
vt 0.090117 0.640339
vt 0.090117 0.622720
vt 0.090117 0.605102
vt 0.090117 0.587483
vt 0.090117 0.569865
vt 0.090117 0.552247
vt 0.090117 0.534628
vt 0.090117 0.517010
vt 0.090117 0.499391
vt 0.090117 0.481773
vt 0.090117 0.464154
vt 0.090117 0.446536
vt 0.090117 0.428918
vt 0.107736 0.834141
vt 0.107736 0.851759
vt 0.107736 0.816523
vt 0.107736 0.798904
vt 0.107736 0.781286
vt 0.107736 0.763667
vt 0.107736 0.746049
vt 0.107736 0.728431
vt 0.107736 0.710812
vt 0.107736 0.693194
vt 0.107736 0.675575
vt 0.107736 0.657957
vt 0.107736 0.640339
vt 0.107736 0.622720
vt 0.107736 0.605102
vt 0.107736 0.587483
vt 0.107736 0.569865
vt 0.107736 0.552247
vt 0.107736 0.534628
vt 0.107736 0.517010
vt 0.107736 0.499391
vt 0.107736 0.481773
vt 0.107736 0.464154
vt 0.107736 0.446536
vt 0.107736 0.428918
vt 0.125354 0.834141
vt 0.125354 0.851759
vt 0.125354 0.816523
vt 0.125354 0.798904
vt 0.125354 0.781286
vt 0.125354 0.763667
vt 0.125354 0.746049
vt 0.125354 0.728431
vt 0.125354 0.710812
vt 0.125354 0.693194
vt 0.125354 0.675575
vt 0.125354 0.657957
vt 0.125354 0.640339
vt 0.125354 0.622720
vt 0.125354 0.605102
vt 0.125354 0.587483
vt 0.125354 0.569865
vt 0.125354 0.552247
vt 0.125354 0.534628
vt 0.125354 0.517010
vt 0.125354 0.499391
vt 0.125354 0.481773
vt 0.125354 0.464154
vt 0.125354 0.446536
vt 0.125354 0.428918
vt 0.142973 0.834141
vt 0.142973 0.851759
vt 0.142973 0.816523
vt 0.142973 0.798904
vt 0.142973 0.781286
vt 0.142973 0.763667
vt 0.142973 0.746049
vt 0.142973 0.728431
vt 0.142973 0.710812
vt 0.142973 0.693194
vt 0.142973 0.675575
vt 0.142973 0.657957
vt 0.142973 0.640339
vt 0.142973 0.622720
vt 0.142973 0.605102
vt 0.142973 0.587483
vt 0.142973 0.569865
vt 0.142973 0.552247
vt 0.142973 0.534628
vt 0.142973 0.517010
vt 0.142973 0.499391
vt 0.142973 0.481773
vt 0.142973 0.464154
vt 0.142973 0.446536
vt 0.142973 0.428918
vt 0.160591 0.834141
vt 0.160591 0.851759
vt 0.160591 0.816523
vt 0.160591 0.798904
vt 0.160591 0.781286
vt 0.160591 0.763667
vt 0.160591 0.746049
vt 0.160591 0.728431
vt 0.160591 0.710812
vt 0.160591 0.693194
vt 0.160591 0.675575
vt 0.160591 0.657957
vt 0.160591 0.640339
vt 0.160591 0.622720
vt 0.160591 0.605102
vt 0.160591 0.587483
vt 0.160591 0.569865
vt 0.160591 0.552247
vt 0.160591 0.534628
vt 0.160591 0.517010
vt 0.160591 0.499391
vt 0.160591 0.481773
vt 0.160591 0.464154
vt 0.160591 0.446536
vt 0.160591 0.428918
vt 0.178209 0.834141
vt 0.178209 0.851759
vt 0.178209 0.816523
vt 0.178209 0.798904
vt 0.178209 0.781286
vt 0.178209 0.763667
vt 0.178209 0.746049
vt 0.178209 0.728431
vt 0.178209 0.710812
vt 0.178209 0.693194
vt 0.178209 0.675575
vt 0.178209 0.657957
vt 0.178209 0.640339
vt 0.178209 0.622720
vt 0.178209 0.605102
vt 0.178209 0.587483
vt 0.178209 0.569865
vt 0.178209 0.552247
vt 0.178209 0.534628
vt 0.178209 0.517010
vt 0.178209 0.499391
vt 0.178209 0.481773
vt 0.178209 0.464154
vt 0.178209 0.446536
vt 0.178209 0.428918
vt 0.195828 0.834141
vt 0.195828 0.851759
vt 0.195828 0.816523
vt 0.195828 0.798904
vt 0.195828 0.781286
vt 0.195828 0.763667
vt 0.195828 0.746049
vt 0.195828 0.728431
vt 0.195828 0.710812
vt 0.195828 0.693194
vt 0.195828 0.675575
vt 0.195828 0.657957
vt 0.195828 0.640339
vt 0.195828 0.622720
vt 0.195828 0.605102
vt 0.195828 0.587483
vt 0.195828 0.569865
vt 0.195828 0.552247
vt 0.195828 0.534628
vt 0.195828 0.517010
vt 0.195828 0.499391
vt 0.195828 0.481773
vt 0.195828 0.464154
vt 0.195828 0.446536
vt 0.195828 0.428918
vt 0.213446 0.834141
vt 0.213446 0.851759
vt 0.213446 0.816523
vt 0.213446 0.798904
vt 0.213446 0.781286
vt 0.213446 0.763667
vt 0.213446 0.746049
vt 0.213446 0.728431
vt 0.213446 0.710812
vt 0.213446 0.693194
vt 0.213446 0.675575
vt 0.213446 0.657957
vt 0.213446 0.640339
vt 0.213446 0.622720
vt 0.213446 0.605102
vt 0.213446 0.587483
vt 0.213446 0.569865
vt 0.213446 0.552247
vt 0.213446 0.534628
vt 0.213446 0.517010
vt 0.213446 0.499391
vt 0.213446 0.481773
vt 0.213446 0.464154
vt 0.213446 0.446536
vt 0.213446 0.428918
vt 0.231065 0.834141
vt 0.231065 0.851759
vt 0.231065 0.816523
vt 0.231065 0.798904
vt 0.231065 0.781286
vt 0.231065 0.763667
vt 0.231065 0.746049
vt 0.231065 0.728431
vt 0.231065 0.710812
vt 0.231065 0.693194
vt 0.231065 0.675575
vt 0.231065 0.657957
vt 0.231065 0.640339
vt 0.231065 0.622720
vt 0.231065 0.605102
vt 0.231065 0.587483
vt 0.231065 0.569865
vt 0.231065 0.552247
vt 0.231065 0.534628
vt 0.231065 0.517010
vt 0.231065 0.499391
vt 0.231065 0.481773
vt 0.231065 0.464154
vt 0.231065 0.446536
vt 0.231065 0.428918
vt 0.248683 0.834141
vt 0.248683 0.851759
vt 0.248683 0.816523
vt 0.248683 0.798904
vt 0.248683 0.781286
vt 0.248683 0.763667
vt 0.248683 0.746049
vt 0.248683 0.728431
vt 0.248683 0.710812
vt 0.248683 0.693194
vt 0.248683 0.675575
vt 0.248683 0.657957
vt 0.248683 0.640339
vt 0.248683 0.622720
vt 0.248683 0.605102
vt 0.248683 0.587483
vt 0.248683 0.569865
vt 0.248683 0.552247
vt 0.248683 0.534628
vt 0.248683 0.517010
vt 0.248683 0.499391
vt 0.248683 0.481773
vt 0.248683 0.464154
vt 0.248683 0.446536
vt 0.248683 0.428918
vt 0.266301 0.834141
vt 0.266301 0.851759
vt 0.266301 0.816523
vt 0.266301 0.798904
vt 0.266301 0.781286
vt 0.266301 0.763667
vt 0.266301 0.746049
vt 0.266301 0.728431
vt 0.266301 0.710812
vt 0.266301 0.693194
vt 0.266301 0.675575
vt 0.266301 0.657957
vt 0.266301 0.640339
vt 0.266301 0.622720
vt 0.266301 0.605102
vt 0.266301 0.587483
vt 0.266301 0.569865
vt 0.266301 0.552247
vt 0.266301 0.534628
vt 0.266301 0.517010
vt 0.266301 0.499391
vt 0.266301 0.481773
vt 0.266301 0.464154
vt 0.266301 0.446536
vt 0.266301 0.428918
vt 0.283920 0.834141
vt 0.283920 0.851759
vt 0.283920 0.816523
vt 0.283920 0.798904
vt 0.283920 0.781286
vt 0.283920 0.763667
vt 0.283920 0.746049
vt 0.283920 0.728431
vt 0.283920 0.710812
vt 0.283920 0.693194
vt 0.283920 0.675575
vt 0.283920 0.657957
vt 0.283920 0.640339
vt 0.283920 0.622720
vt 0.283920 0.605102
vt 0.283920 0.587483
vt 0.283920 0.569865
vt 0.283920 0.552247
vt 0.283920 0.534628
vt 0.283920 0.517010
vt 0.283920 0.499391
vt 0.283920 0.481773
vt 0.283920 0.464154
vt 0.283920 0.446536
vt 0.283920 0.428918
vt 0.301538 0.834141
vt 0.301538 0.851759
vt 0.301538 0.816523
vt 0.301538 0.798904
vt 0.301538 0.781286
vt 0.301538 0.763667
vt 0.301538 0.746049
vt 0.301538 0.728431
vt 0.301538 0.710812
vt 0.301538 0.693194
vt 0.301538 0.675575
vt 0.301538 0.657957
vt 0.301538 0.640339
vt 0.301538 0.622720
vt 0.301538 0.605102
vt 0.301538 0.587483
vt 0.301538 0.569865
vt 0.301538 0.552247
vt 0.301538 0.534628
vt 0.301538 0.517010
vt 0.301538 0.499391
vt 0.301538 0.481773
vt 0.301538 0.464154
vt 0.301538 0.446536
vt 0.301538 0.428918
vt 0.319157 0.816523
vt 0.319157 0.834141
vt 0.319157 0.798904
vt 0.319157 0.781286
vt 0.319157 0.763667
vt 0.319157 0.746049
vt 0.319157 0.728431
vt 0.319157 0.710812
vt 0.319157 0.693194
vt 0.319157 0.675575
vt 0.319157 0.657957
vt 0.319157 0.640339
vt 0.319157 0.622720
vt 0.319157 0.605102
vt 0.319157 0.587483
vt 0.319157 0.569865
vt 0.319157 0.552247
vt 0.319157 0.534628
vt 0.319157 0.517010
vt 0.319157 0.499391
vt 0.319157 0.481773
vt 0.319157 0.464154
vt 0.319157 0.446536
vt 0.323207 0.834141
vt 0.323207 0.816523
vt 0.340825 0.816523
vt 0.340825 0.834141
vt 0.323207 0.798904
vt 0.340825 0.798904
vt 0.323207 0.781286
vt 0.340825 0.781286
vt 0.323207 0.763667
vt 0.340825 0.763667
vt 0.323207 0.746049
vt 0.340826 0.746049
vt 0.323207 0.728431
vt 0.340826 0.728431
vt 0.323207 0.710812
vt 0.340826 0.710812
vt 0.323207 0.693194
vt 0.340826 0.693194
vt 0.323207 0.675575
vt 0.340826 0.675575
vt 0.323207 0.657957
vt 0.340826 0.657957
vt 0.323207 0.640339
vt 0.340826 0.640339
vt 0.323207 0.622720
vt 0.340826 0.622720
vt 0.323207 0.605102
vt 0.340826 0.605102
vt 0.323207 0.587483
vt 0.340826 0.587483
vt 0.323207 0.569865
vt 0.340826 0.569865
vt 0.323207 0.552247
vt 0.340826 0.552247
vt 0.323207 0.534628
vt 0.340826 0.534628
vt 0.323207 0.517010
vt 0.340826 0.517010
vt 0.323207 0.499391
vt 0.340826 0.499391
vt 0.323207 0.481773
vt 0.340826 0.481773
vt 0.323207 0.464154
vt 0.340826 0.464154
vt 0.323207 0.446536
vt 0.340826 0.446536
vt 0.340825 0.851759
vt 0.358444 0.834141
vt 0.358444 0.851759
vt 0.358444 0.816523
vt 0.358444 0.798904
vt 0.358444 0.781286
vt 0.358444 0.763667
vt 0.358444 0.746049
vt 0.358444 0.728431
vt 0.358444 0.710812
vt 0.358444 0.693194
vt 0.358444 0.675575
vt 0.358444 0.657957
vt 0.358444 0.640339
vt 0.358444 0.622720
vt 0.358444 0.605102
vt 0.358444 0.587483
vt 0.358444 0.569865
vt 0.358444 0.552247
vt 0.358444 0.534628
vt 0.358444 0.517010
vt 0.358444 0.499391
vt 0.358444 0.481773
vt 0.358444 0.464154
vt 0.358444 0.446536
vt 0.340826 0.428918
vt 0.358444 0.428918
vt 0.376062 0.834141
vt 0.376062 0.851759
vt 0.376062 0.816523
vt 0.376062 0.798904
vt 0.376062 0.781286
vt 0.376062 0.763667
vt 0.376062 0.746049
vt 0.376062 0.728431
vt 0.376062 0.710812
vt 0.376062 0.693194
vt 0.376062 0.675575
vt 0.376062 0.657957
vt 0.376062 0.640339
vt 0.376062 0.622720
vt 0.376062 0.605102
vt 0.376062 0.587483
vt 0.376062 0.569865
vt 0.376062 0.552247
vt 0.376062 0.534628
vt 0.376062 0.517010
vt 0.376062 0.499391
vt 0.376062 0.481773
vt 0.376062 0.464154
vt 0.376062 0.446536
vt 0.376062 0.428918
vt 0.393681 0.834141
vt 0.393681 0.851759
vt 0.393681 0.816523
vt 0.393681 0.798904
vt 0.393681 0.781286
vt 0.393681 0.763667
vt 0.393681 0.746049
vt 0.393681 0.728431
vt 0.393681 0.710812
vt 0.393681 0.693194
vt 0.393681 0.675575
vt 0.393681 0.657957
vt 0.393681 0.640339
vt 0.393681 0.622720
vt 0.393681 0.605102
vt 0.393681 0.587483
vt 0.393681 0.569865
vt 0.393681 0.552247
vt 0.393681 0.534628
vt 0.393681 0.517010
vt 0.393681 0.499391
vt 0.393681 0.481773
vt 0.393681 0.464154
vt 0.393681 0.446536
vt 0.393681 0.428918
vt 0.411299 0.834141
vt 0.411299 0.851759
vt 0.411299 0.816523
vt 0.411299 0.798904
vt 0.411299 0.781286
vt 0.411299 0.763667
vt 0.411299 0.746049
vt 0.411299 0.728431
vt 0.411299 0.710812
vt 0.411299 0.693194
vt 0.411299 0.675575
vt 0.411299 0.657957
vt 0.411299 0.640339
vt 0.411299 0.622720
vt 0.411299 0.605102
vt 0.411299 0.587483
vt 0.411299 0.569865
vt 0.411299 0.552247
vt 0.411299 0.534628
vt 0.411299 0.517010
vt 0.411299 0.499391
vt 0.411299 0.481773
vt 0.411299 0.464154
vt 0.411299 0.446536
vt 0.411299 0.428918
vt 0.428918 0.834141
vt 0.428918 0.851759
vt 0.428918 0.816523
vt 0.428918 0.798904
vt 0.428918 0.781286
vt 0.428918 0.763667
vt 0.428918 0.746049
vt 0.428918 0.728431
vt 0.428918 0.710812
vt 0.428918 0.693194
vt 0.428918 0.675575
vt 0.428918 0.657957
vt 0.428918 0.640339
vt 0.428918 0.622720
vt 0.428918 0.605102
vt 0.428918 0.587483
vt 0.428918 0.569865
vt 0.428918 0.552247
vt 0.428918 0.534628
vt 0.428918 0.517010
vt 0.428918 0.499391
vt 0.428918 0.481773
vt 0.428918 0.464154
vt 0.428918 0.446536
vt 0.428918 0.428918
vt 0.446536 0.834141
vt 0.446536 0.851759
vt 0.446536 0.816523
vt 0.446536 0.798904
vt 0.446536 0.781286
vt 0.446536 0.763667
vt 0.446536 0.746049
vt 0.446536 0.728431
vt 0.446536 0.710812
vt 0.446536 0.693194
vt 0.446536 0.675575
vt 0.446536 0.657957
vt 0.446536 0.640339
vt 0.446536 0.622720
vt 0.446536 0.605102
vt 0.446536 0.587483
vt 0.446536 0.569865
vt 0.446536 0.552247
vt 0.446536 0.534628
vt 0.446536 0.517010
vt 0.446536 0.499391
vt 0.446536 0.481773
vt 0.446536 0.464154
vt 0.446536 0.446536
vt 0.446536 0.428918
vt 0.464154 0.834141
vt 0.464154 0.851759
vt 0.464154 0.816523
vt 0.464154 0.798904
vt 0.464154 0.781286
vt 0.464154 0.763667
vt 0.464154 0.746049
vt 0.464154 0.728431
vt 0.464154 0.710812
vt 0.464154 0.693194
vt 0.464154 0.675575
vt 0.464154 0.657957
vt 0.464154 0.640339
vt 0.464154 0.622720
vt 0.464154 0.605102
vt 0.464154 0.587483
vt 0.464154 0.569865
vt 0.464154 0.552247
vt 0.464154 0.534628
vt 0.464154 0.517010
vt 0.464154 0.499391
vt 0.464154 0.481773
vt 0.464154 0.464154
vt 0.464154 0.446536
vt 0.464154 0.428918
vt 0.481773 0.834141
vt 0.481773 0.851759
vt 0.481773 0.816523
vt 0.481773 0.798904
vt 0.481773 0.781286
vt 0.481773 0.763667
vt 0.481773 0.746049
vt 0.481773 0.728431
vt 0.481773 0.710812
vt 0.481773 0.693194
vt 0.481773 0.675575
vt 0.481773 0.657957
vt 0.481773 0.640339
vt 0.481773 0.622720
vt 0.481773 0.605102
vt 0.481773 0.587483
vt 0.481773 0.569865
vt 0.481773 0.552247
vt 0.481773 0.534628
vt 0.481773 0.517010
vt 0.481773 0.499391
vt 0.481773 0.481773
vt 0.481773 0.464154
vt 0.481773 0.446536
vt 0.481773 0.428918
vt 0.499391 0.834141
vt 0.499391 0.851759
vt 0.499391 0.816523
vt 0.499391 0.798904
vt 0.499391 0.781286
vt 0.499391 0.763667
vt 0.499391 0.746049
vt 0.499391 0.728431
vt 0.499391 0.710812
vt 0.499391 0.693194
vt 0.499391 0.675575
vt 0.499391 0.657957
vt 0.499391 0.640339
vt 0.499391 0.622720
vt 0.499391 0.605102
vt 0.499391 0.587483
vt 0.499391 0.569865
vt 0.499391 0.552247
vt 0.499391 0.534628
vt 0.499391 0.517010
vt 0.499391 0.499391
vt 0.499391 0.481773
vt 0.499391 0.464154
vt 0.499391 0.446536
vt 0.499391 0.428918
vt 0.517010 0.834141
vt 0.517010 0.851759
vt 0.517010 0.816523
vt 0.517010 0.798904
vt 0.517010 0.781286
vt 0.517010 0.763667
vt 0.517010 0.746049
vt 0.517010 0.728431
vt 0.517010 0.710812
vt 0.517010 0.693194
vt 0.517010 0.675575
vt 0.517010 0.657957
vt 0.517010 0.640339
vt 0.517010 0.622720
vt 0.517010 0.605102
vt 0.517010 0.587483
vt 0.517010 0.569865
vt 0.517010 0.552247
vt 0.517010 0.534628
vt 0.517010 0.517010
vt 0.517010 0.499391
vt 0.517010 0.481773
vt 0.517010 0.464154
vt 0.517010 0.446536
vt 0.517010 0.428918
vt 0.534628 0.834141
vt 0.534628 0.851759
vt 0.534628 0.816523
vt 0.534628 0.798904
vt 0.534628 0.781286
vt 0.534628 0.763667
vt 0.534628 0.746049
vt 0.534628 0.728431
vt 0.534628 0.710812
vt 0.534628 0.693194
vt 0.534628 0.675575
vt 0.534628 0.657957
vt 0.534628 0.640339
vt 0.534628 0.622720
vt 0.534628 0.605102
vt 0.534628 0.587483
vt 0.534628 0.569865
vt 0.534628 0.552247
vt 0.534628 0.534628
vt 0.534628 0.517010
vt 0.534628 0.499391
vt 0.534628 0.481773
vt 0.534628 0.464154
vt 0.534628 0.446536
vt 0.534628 0.428918
vt 0.552246 0.834141
vt 0.552246 0.851759
vt 0.552246 0.816523
vt 0.552246 0.798904
vt 0.552246 0.781286
vt 0.552246 0.763667
vt 0.552246 0.746049
vt 0.552246 0.728431
vt 0.552246 0.710812
vt 0.552246 0.693194
vt 0.552246 0.675575
vt 0.552246 0.657957
vt 0.552246 0.640339
vt 0.552246 0.622720
vt 0.552246 0.605102
vt 0.552246 0.587483
vt 0.552246 0.569865
vt 0.552246 0.552247
vt 0.552246 0.534628
vt 0.552246 0.517010
vt 0.552246 0.499391
vt 0.552246 0.481773
vt 0.552246 0.464154
vt 0.552246 0.446536
vt 0.552246 0.428918
vt 0.569865 0.834141
vt 0.569865 0.851759
vt 0.569865 0.816523
vt 0.569865 0.798904
vt 0.569865 0.781286
vt 0.569865 0.763667
vt 0.569865 0.746049
vt 0.569865 0.728431
vt 0.569865 0.710812
vt 0.569865 0.693194
vt 0.569865 0.675575
vt 0.569865 0.657957
vt 0.569865 0.640339
vt 0.569865 0.622720
vt 0.569865 0.605102
vt 0.569865 0.587483
vt 0.569865 0.569865
vt 0.569865 0.552247
vt 0.569865 0.534628
vt 0.569865 0.517010
vt 0.569865 0.499391
vt 0.569865 0.481773
vt 0.569865 0.464154
vt 0.569865 0.446536
vt 0.569865 0.428918
vt 0.587483 0.834141
vt 0.587483 0.851759
vt 0.587483 0.816523
vt 0.587483 0.798904
vt 0.587483 0.781286
vt 0.587483 0.763667
vt 0.587483 0.746049
vt 0.587483 0.728431
vt 0.587483 0.710812
vt 0.587483 0.693194
vt 0.587483 0.675575
vt 0.587483 0.657957
vt 0.587483 0.640339
vt 0.587483 0.622720
vt 0.587483 0.605102
vt 0.587483 0.587483
vt 0.587483 0.569865
vt 0.587483 0.552247
vt 0.587483 0.534628
vt 0.587483 0.517010
vt 0.587483 0.499391
vt 0.587483 0.481773
vt 0.587483 0.464154
vt 0.587483 0.446536
vt 0.587483 0.428918
vt 0.605102 0.834141
vt 0.605102 0.851759
vt 0.605102 0.816523
vt 0.605102 0.798904
vt 0.605102 0.781286
vt 0.605102 0.763667
vt 0.605102 0.746049
vt 0.605102 0.728431
vt 0.605102 0.710812
vt 0.605102 0.693194
vt 0.605102 0.675575
vt 0.605102 0.657957
vt 0.605102 0.640339
vt 0.605102 0.622720
vt 0.605102 0.605102
vt 0.605102 0.587483
vt 0.605102 0.569865
vt 0.605102 0.552247
vt 0.605102 0.534628
vt 0.605102 0.517010
vt 0.605102 0.499391
vt 0.605102 0.481773
vt 0.605102 0.464154
vt 0.605102 0.446536
vt 0.605102 0.428918
vt 0.622720 0.834141
vt 0.622720 0.851759
vt 0.622720 0.816523
vt 0.622720 0.798904
vt 0.622720 0.781286
vt 0.622720 0.763667
vt 0.622720 0.746049
vt 0.622720 0.728431
vt 0.622720 0.710812
vt 0.622720 0.693194
vt 0.622720 0.675575
vt 0.622720 0.657957
vt 0.622720 0.640339
vt 0.622720 0.622720
vt 0.622720 0.605102
vt 0.622720 0.587483
vt 0.622720 0.569865
vt 0.622720 0.552247
vt 0.622720 0.534628
vt 0.622720 0.517010
vt 0.622720 0.499391
vt 0.622720 0.481773
vt 0.622720 0.464154
vt 0.622720 0.446536
vt 0.622720 0.428918
vt 0.640338 0.816523
vt 0.640338 0.834141
vt 0.640338 0.798904
vt 0.640338 0.781286
vt 0.640338 0.763667
vt 0.640338 0.746049
vt 0.640338 0.728431
vt 0.640338 0.710812
vt 0.640338 0.693194
vt 0.640338 0.675575
vt 0.640338 0.657957
vt 0.640338 0.640339
vt 0.640338 0.622720
vt 0.640338 0.605102
vt 0.640338 0.587483
vt 0.640338 0.569865
vt 0.640338 0.552247
vt 0.640338 0.534628
vt 0.640338 0.517010
vt 0.640338 0.499391
vt 0.640338 0.481773
vt 0.640338 0.464154
vt 0.640339 0.446536
vt 0.783920 0.679626
vt 0.783920 0.662007
vt 0.801538 0.662007
vt 0.801538 0.679626
vt 0.783920 0.644389
vt 0.801538 0.644389
vt 0.783920 0.683676
vt 0.801538 0.683676
vt 0.801538 0.701295
vt 0.783920 0.701295
vt 0.819157 0.683676
vt 0.819157 0.701295
vt 0.819157 0.662007
vt 0.819157 0.679626
vt 0.819157 0.644389
vt 0.801538 0.718913
vt 0.783920 0.718913
vt 0.819157 0.718913
vt 0.819157 0.722964
vt 0.819157 0.740582
vt 0.801538 0.740582
vt 0.801538 0.722964
vt 0.819157 0.758200
vt 0.801538 0.758200
vt 0.783920 0.762251
vt 0.801538 0.762251
vt 0.801538 0.779869
vt 0.783920 0.779869
vt 0.819157 0.762251
vt 0.819157 0.779869
vt 0.783920 0.740582
vt 0.783920 0.722964
vt 0.783920 0.758200
vt 0.801538 0.797488
vt 0.783920 0.797488
vt 0.819157 0.797488
s 1
usemtl Material.001
f 1/1/1 2/2/1 3/3/1 4/4/1
f 5/5/1 6/6/1 7/7/1 8/8/1
f 4/4/1 3/3/1 9/9/1 10/10/1
f 8/8/1 7/7/1 11/11/1 12/12/1
f 13/13/1 14/14/1 15/15/1 16/16/1
f 17/17/1 18/18/1 19/19/1 20/20/1
f 16/16/1 15/15/1 21/21/1 22/22/1
f 20/20/1 19/19/1 23/23/1 24/24/1
f 2/2/1 25/25/1 26/26/1 3/3/1
f 6/6/1 27/27/1 28/28/1 7/7/1
f 3/3/1 26/26/1 29/29/1 9/9/1
f 30/30/1 31/31/1 32/32/1 33/33/1
f 33/33/1 32/32/1 34/34/1 35/35/1
f 35/35/1 34/34/1 36/36/1 37/37/1
f 37/37/1 36/36/1 38/38/1 39/39/1
f 39/39/1 38/38/1 40/40/1 41/41/1
f 41/41/1 40/40/1 42/42/1 43/43/1
f 43/43/1 42/42/1 44/44/1 45/45/1
f 45/45/1 44/44/1 46/46/1 47/47/1
f 47/47/1 46/46/1 48/48/1 49/49/1
f 49/49/1 48/48/1 50/50/1 51/51/1
f 51/51/1 50/50/1 52/52/1 53/53/1
f 53/53/1 52/52/1 54/54/1 55/55/1
f 55/55/1 54/54/1 56/56/1 57/57/1
f 57/57/1 56/56/1 58/58/1 59/59/1
f 59/59/1 58/58/1 60/60/1 61/61/1
f 61/61/1 60/60/1 62/62/1 63/63/1
f 14/14/1 64/64/1 65/65/1 15/15/1
f 15/15/1 65/65/1 66/66/1 21/21/1
f 19/19/1 67/67/1 68/68/1 23/23/1
f 25/25/1 69/69/1 70/70/1 26/26/1
f 27/27/1 71/71/1 72/72/1 28/28/1
f 26/26/1 70/70/1 73/73/1 29/29/1
f 28/28/1 72/72/1 74/74/1 75/75/1
f 64/64/1 76/76/1 77/77/1 65/65/1
f 78/78/1 79/79/1 80/80/1 67/67/1
f 65/65/1 77/77/1 81/81/1 66/66/1
f 67/67/1 80/80/1 82/82/1 68/68/1
f 69/69/1 83/83/1 84/84/1 70/70/1
f 71/71/1 85/85/1 86/86/1 72/72/1
f 70/70/1 84/84/1 87/87/1 73/73/1
f 72/72/1 86/86/1 88/88/1 74/74/1
f 76/76/1 89/89/1 90/90/1 77/77/1
f 79/79/1 91/91/1 92/92/1 80/80/1
f 77/77/1 90/90/1 93/93/1 81/81/1
f 80/80/1 92/92/1 94/94/1 82/82/1
f 83/83/1 95/95/1 96/96/1 84/84/1
f 85/85/1 97/97/1 98/98/1 86/86/1
f 84/84/1 96/96/1 99/99/1 87/87/1
f 86/86/1 98/98/1 100/100/1 88/88/1
f 89/89/1 101/101/1 102/102/1 90/90/1
f 91/91/1 103/103/1 104/104/1 92/92/1
f 90/90/1 102/102/1 105/105/1 93/93/1
f 92/92/1 104/104/1 106/106/1 94/94/1
f 95/95/1 107/107/1 108/108/1 96/96/1
f 97/97/1 109/109/1 110/110/1 98/98/1
f 96/96/1 108/108/1 111/111/1 99/99/1
f 98/98/1 110/110/1 112/112/1 100/100/1
f 101/101/1 113/113/1 114/114/1 102/102/1
f 103/103/1 115/115/1 116/116/1 104/104/1
f 102/102/1 114/114/1 117/117/1 105/105/1
f 104/104/1 116/116/1 118/118/1 106/106/1
f 107/107/1 119/119/1 120/120/1 108/108/1
f 109/109/1 121/121/1 122/122/1 110/110/1
f 108/108/1 120/120/1 123/123/1 111/111/1
f 110/110/1 122/122/1 124/124/1 112/112/1
f 113/113/1 125/125/1 126/126/1 114/114/1
f 115/115/1 127/127/1 128/128/1 116/116/1
f 114/114/1 126/126/1 129/129/1 117/117/1
f 116/116/1 128/128/1 130/130/1 118/118/1
f 119/119/1 131/131/1 132/132/1 120/120/1
f 121/121/1 133/133/1 134/134/1 122/122/1
f 120/120/1 132/132/1 135/135/1 123/123/1
f 122/122/1 134/134/1 136/136/1 124/124/1
f 125/125/1 137/137/1 138/138/1 126/126/1
f 127/127/1 139/139/1 140/140/1 128/128/1
f 126/126/1 138/138/1 141/141/1 129/129/1
f 128/128/1 140/140/1 142/142/1 130/130/1
f 131/131/1 143/143/1 144/144/1 132/132/1
f 133/133/1 145/145/1 146/146/1 134/134/1
f 132/132/1 144/144/1 147/147/1 135/135/1
f 134/134/1 146/146/1 148/148/1 136/136/1
f 137/137/1 149/149/1 150/150/1 138/138/1
f 139/139/1 151/151/1 152/152/1 140/140/1
f 138/138/1 150/150/1 153/153/1 141/141/1
f 140/140/1 152/152/1 154/154/1 142/142/1
f 143/143/1 155/155/1 156/156/1 144/144/1
f 145/145/1 157/157/1 158/158/1 146/146/1
f 144/144/1 156/156/1 159/159/1 147/147/1
f 146/146/1 158/158/1 160/160/1 148/148/1
f 149/149/1 161/161/1 162/162/1 150/150/1
f 151/151/1 163/163/1 164/164/1 152/152/1
f 150/150/1 162/162/1 165/165/1 153/153/1
f 152/152/1 164/164/1 166/166/1 154/154/1
f 155/155/1 167/167/1 168/168/1 156/156/1
f 157/157/1 169/169/1 170/170/1 158/158/1
f 156/156/1 168/168/1 171/171/1 159/159/1
f 158/158/1 170/170/1 172/172/1 160/160/1
f 161/161/1 173/173/1 174/174/1 162/162/1
f 163/163/1 175/175/1 176/176/1 164/164/1
f 162/162/1 174/174/1 177/177/1 165/165/1
f 164/164/1 176/176/1 178/178/1 166/166/1
f 167/167/1 179/179/1 180/180/1 168/168/1
f 169/169/1 181/181/1 182/182/1 170/170/1
f 168/168/1 180/180/1 183/183/1 171/171/1
f 170/170/1 182/182/1 184/184/1 172/172/1
f 173/173/1 185/185/1 186/186/1 174/174/1
f 175/175/1 187/187/1 188/188/1 176/176/1
f 174/174/1 186/186/1 189/189/1 177/177/1
f 176/176/1 188/188/1 190/190/1 178/178/1
f 179/179/1 191/191/1 192/192/1 180/180/1
f 181/181/1 193/193/1 194/194/1 182/182/1
f 180/180/1 192/192/1 195/195/1 183/183/1
f 182/182/1 194/194/1 196/196/1 184/184/1
f 185/185/1 197/197/1 198/198/1 186/186/1
f 187/187/1 199/199/1 200/200/1 188/188/1
f 186/186/1 198/198/1 201/201/1 189/189/1
f 188/188/1 200/200/1 202/202/1 190/190/1
f 191/191/1 203/203/1 204/204/1 192/192/1
f 193/193/1 205/205/1 206/206/1 194/194/1
f 192/192/1 204/204/1 207/207/1 195/195/1
f 208/208/1 209/209/1 210/210/1 211/211/1
f 211/211/1 210/210/1 212/212/1 213/213/1
f 213/213/1 212/212/1 214/214/1 215/215/1
f 215/215/1 214/214/1 216/216/1 217/217/1
f 217/217/1 216/216/1 218/218/1 219/219/1
f 219/219/1 218/218/1 220/220/1 221/221/1
f 221/221/1 220/220/1 222/222/1 223/223/1
f 223/223/1 222/222/1 224/224/1 225/225/1
f 225/225/1 224/224/1 226/226/1 227/227/1
f 227/227/1 226/226/1 228/228/1 229/229/1
f 229/229/1 228/228/1 230/230/1 231/231/1
f 231/231/1 230/230/1 232/232/1 233/233/1
f 233/233/1 232/232/1 234/234/1 235/235/1
f 235/235/1 234/234/1 236/236/1 237/237/1
f 237/237/1 236/236/1 238/238/1 239/239/1
f 239/239/1 238/238/1 240/240/1 241/241/1
f 197/197/1 242/242/1 243/243/1 198/198/1
f 198/198/1 243/243/1 244/244/1 201/201/1
f 200/200/1 245/245/1 246/246/1 202/202/1
f 203/203/1 247/247/1 248/248/1 204/204/1
f 205/205/1 249/249/1 250/250/1 206/206/1
f 204/204/1 248/248/1 251/251/1 207/207/1
f 206/206/1 250/250/1 252/252/1 253/253/1
f 242/242/1 254/254/1 255/255/1 243/243/1
f 256/256/1 257/257/1 258/258/1 245/245/1
f 243/243/1 255/255/1 259/259/1 244/244/1
f 245/245/1 258/258/1 260/260/1 246/246/1
f 247/247/1 261/261/1 262/262/1 248/248/1
f 249/249/1 263/263/1 264/264/1 250/250/1
f 248/248/1 262/262/1 265/265/1 251/251/1
f 250/250/1 264/264/1 266/266/1 252/252/1
f 254/254/1 267/267/1 268/268/1 255/255/1
f 257/257/1 269/269/1 270/270/1 258/258/1
f 255/255/1 268/268/1 271/271/1 259/259/1
f 258/258/1 270/270/1 272/272/1 260/260/1
f 261/261/1 273/273/1 274/274/1 262/262/1
f 263/263/1 275/275/1 276/276/1 264/264/1
f 262/262/1 274/274/1 277/277/1 265/265/1
f 264/264/1 276/276/1 278/278/1 266/266/1
f 267/267/1 279/279/1 280/280/1 268/268/1
f 269/269/1 281/281/1 282/282/1 270/270/1
f 268/268/1 280/280/1 283/283/1 271/271/1
f 270/270/1 282/282/1 284/284/1 272/272/1
f 273/273/1 285/285/1 286/286/1 274/274/1
f 275/275/1 287/287/1 288/288/1 276/276/1
f 274/274/1 286/286/1 289/289/1 277/277/1
f 276/276/1 288/288/1 290/290/1 278/278/1
f 279/279/1 291/291/1 292/292/1 280/280/1
f 281/281/1 293/293/1 294/294/1 282/282/1
f 280/280/1 292/292/1 295/295/1 283/283/1
f 282/282/1 294/294/1 296/296/1 284/284/1
f 297/297/2 298/298/2 299/299/2 300/300/2
f 301/301/2 302/302/2 303/303/2 304/304/2
f 298/298/2 305/305/2 306/306/2 299/299/2
f 302/302/2 307/307/2 308/308/2 303/303/2
f 309/309/2 310/310/2 311/311/2 312/312/2
f 313/313/2 314/314/2 315/315/2 316/316/2
f 310/310/2 317/317/2 318/318/2 311/311/2
f 314/314/2 319/319/2 320/320/2 315/315/2
f 300/300/2 299/299/2 321/321/2 322/322/2
f 304/304/2 303/303/2 323/323/2 324/324/2
f 303/303/2 308/308/2 325/325/2 323/323/2
f 326/326/2 327/327/2 328/328/2 329/329/2
f 327/327/2 330/330/2 331/331/2 328/328/2
f 330/330/2 332/332/2 333/333/2 331/331/2
f 332/332/2 334/334/2 335/335/2 333/333/2
f 334/334/2 336/336/2 337/337/2 335/335/2
f 336/336/2 338/338/2 339/339/2 337/337/2
f 338/338/2 340/340/2 341/341/2 339/339/2
f 340/340/2 342/342/2 343/343/2 341/341/2
f 342/342/2 344/344/2 345/345/2 343/343/2
f 344/344/2 346/346/2 347/347/2 345/345/2
f 346/346/2 348/348/2 349/349/2 347/347/2
f 348/348/2 350/350/2 351/351/2 349/349/2
f 350/350/2 352/352/2 353/353/2 351/351/2
f 352/352/2 354/354/2 355/355/2 353/353/2
f 354/354/2 356/356/2 357/357/2 355/355/2
f 356/356/2 358/358/2 359/359/2 357/357/2
f 316/316/2 315/315/2 360/360/2 361/361/2
f 311/311/2 318/318/2 362/362/2 363/363/2
f 315/315/2 320/320/2 364/364/2 360/360/2
f 322/322/2 321/321/2 365/365/2 366/366/2
f 324/324/2 323/323/2 367/367/2 368/368/2
f 321/321/2 369/369/2 370/370/2 365/365/2
f 323/323/2 325/325/2 371/371/2 367/367/2
f 372/372/2 363/363/2 373/373/2 374/374/2
f 361/361/2 360/360/2 375/375/2 376/376/2
f 363/363/2 362/362/2 377/377/2 373/373/2
f 360/360/2 364/364/2 378/378/2 375/375/2
f 366/366/2 365/365/2 379/379/2 380/380/2
f 368/368/2 367/367/2 381/381/2 382/382/2
f 365/365/2 370/370/2 383/383/2 379/379/2
f 367/367/2 371/371/2 384/384/2 381/381/2
f 374/374/2 373/373/2 385/385/2 386/386/2
f 376/376/2 375/375/2 387/387/2 388/388/2
f 373/373/2 377/377/2 389/389/2 385/385/2
f 375/375/2 378/378/2 390/390/2 387/387/2
f 380/380/2 379/379/2 391/391/2 392/392/2
f 382/382/2 381/381/2 393/393/2 394/394/2
f 379/379/2 383/383/2 395/395/2 391/391/2
f 381/381/2 384/384/2 396/396/2 393/393/2
f 386/386/2 385/385/2 397/397/2 398/398/2
f 388/388/2 387/387/2 399/399/2 400/400/2
f 385/385/2 389/389/2 401/401/2 397/397/2
f 387/387/2 390/390/2 402/402/2 399/399/2
f 392/392/2 391/391/2 403/403/2 404/404/2
f 394/394/2 393/393/2 405/405/2 406/406/2
f 391/391/2 395/395/2 407/407/2 403/403/2
f 393/393/2 396/396/2 408/408/2 405/405/2
f 398/398/2 397/397/2 409/409/2 410/410/2
f 400/400/2 399/399/2 411/411/2 412/412/2
f 397/397/2 401/401/2 413/413/2 409/409/2
f 399/399/2 402/402/2 414/414/2 411/411/2
f 404/404/2 403/403/2 415/415/2 416/416/2
f 406/406/2 405/405/2 417/417/2 418/418/2
f 403/403/2 407/407/2 419/419/2 415/415/2
f 405/405/2 408/408/2 420/420/2 417/417/2
f 410/410/2 409/409/2 421/421/2 422/422/2
f 412/412/2 411/411/2 423/423/2 424/424/2
f 409/409/2 413/413/2 425/425/2 421/421/2
f 411/411/2 414/414/2 426/426/2 423/423/2
f 416/416/2 415/415/2 427/427/2 428/428/2
f 418/418/2 417/417/2 429/429/2 430/430/2
f 415/415/2 419/419/2 431/431/2 427/427/2
f 417/417/2 420/420/2 432/432/2 429/429/2
f 422/422/2 421/421/2 433/433/2 434/434/2
f 424/424/2 423/423/2 435/435/2 436/436/2
f 421/421/2 425/425/2 437/437/2 433/433/2
f 423/423/2 426/426/2 438/438/2 435/435/2
f 428/428/2 427/427/2 439/439/2 440/440/2
f 430/430/2 429/429/2 441/441/2 442/442/2
f 427/427/2 431/431/2 443/443/2 439/439/2
f 429/429/2 432/432/2 444/444/2 441/441/2
f 434/434/2 433/433/2 445/445/2 446/446/2
f 436/436/2 435/435/2 447/447/2 448/448/2
f 433/433/2 437/437/2 449/449/2 445/445/2
f 435/435/2 438/438/2 450/450/2 447/447/2
f 440/440/2 439/439/2 451/451/2 452/452/2
f 442/442/2 441/441/2 453/453/2 454/454/2
f 439/439/2 443/443/2 455/455/2 451/451/2
f 441/441/2 444/444/2 456/456/2 453/453/2
f 446/446/2 445/445/2 457/457/2 458/458/2
f 448/448/2 447/447/2 459/459/2 460/460/2
f 445/445/2 449/449/2 461/461/2 457/457/2
f 447/447/2 450/450/2 462/462/2 459/459/2
f 452/452/2 451/451/2 463/463/2 464/464/2
f 454/454/2 453/453/2 465/465/2 466/466/2
f 451/451/2 455/455/2 467/467/2 463/463/2
f 453/453/2 456/456/2 468/468/2 465/465/2
f 458/458/2 457/457/2 469/469/2 470/470/2
f 460/460/2 459/459/2 471/471/2 472/472/2
f 457/457/2 461/461/2 473/473/2 469/469/2
f 459/459/2 462/462/2 474/474/2 471/471/2
f 464/464/2 463/463/2 475/475/2 476/476/2
f 466/466/2 465/465/2 477/477/2 478/478/2
f 463/463/2 467/467/2 479/479/2 475/475/2
f 465/465/2 468/468/2 480/480/2 477/477/2
f 470/470/2 469/469/2 481/481/2 482/482/2
f 472/472/2 471/471/2 483/483/2 484/484/2
f 469/469/2 473/473/2 485/485/2 481/481/2
f 471/471/2 474/474/2 486/486/2 483/483/2
f 476/476/2 475/475/2 487/487/2 488/488/2
f 478/478/2 477/477/2 489/489/2 490/490/2
f 475/475/2 479/479/2 491/491/2 487/487/2
f 477/477/2 480/480/2 492/492/2 489/489/2
f 482/482/2 481/481/2 493/493/2 494/494/2
f 484/484/2 483/483/2 495/495/2 496/496/2
f 481/481/2 485/485/2 497/497/2 493/493/2
f 483/483/2 486/486/2 498/498/2 495/495/2
f 488/488/2 487/487/2 499/499/2 500/500/2
f 490/490/2 489/489/2 501/501/2 502/502/2
f 489/489/2 492/492/2 503/503/2 501/501/2
f 504/504/2 505/505/2 506/506/2 507/507/2
f 505/505/2 508/508/2 509/509/2 506/506/2
f 508/508/2 510/510/2 511/511/2 509/509/2
f 510/510/2 512/512/2 513/513/2 511/511/2
f 512/512/2 514/514/2 515/515/2 513/513/2
f 514/514/2 516/516/2 517/517/2 515/515/2
f 516/516/2 518/518/2 519/519/2 517/517/2
f 518/518/2 520/520/2 521/521/2 519/519/2
f 520/520/2 522/522/2 523/523/2 521/521/2
f 522/522/2 524/524/2 525/525/2 523/523/2
f 524/524/2 526/526/2 527/527/2 525/525/2
f 526/526/2 528/528/2 529/529/2 527/527/2
f 528/528/2 530/530/2 531/531/2 529/529/2
f 530/530/2 532/532/2 533/533/2 531/531/2
f 532/532/2 534/534/2 535/535/2 533/533/2
f 534/534/2 536/536/2 537/537/2 535/535/2
f 496/496/2 495/495/2 538/538/2 539/539/2
f 493/493/2 497/497/2 540/540/2 541/541/2
f 495/495/2 498/498/2 542/542/2 538/538/2
f 500/500/2 499/499/2 543/543/2 544/544/2
f 502/502/2 501/501/2 545/545/2 546/546/2
f 499/499/2 547/547/2 548/548/2 543/543/2
f 501/501/2 503/503/2 549/549/2 545/545/2
f 550/550/2 541/541/2 551/551/2 552/552/2
f 539/539/2 538/538/2 553/553/2 554/554/2
f 541/541/2 540/540/2 555/555/2 551/551/2
f 538/538/2 542/542/2 556/556/2 553/553/2
f 544/544/2 543/543/2 557/557/2 558/558/2
f 546/546/2 545/545/2 559/559/2 560/560/2
f 543/543/2 548/548/2 561/561/2 557/557/2
f 545/545/2 549/549/2 562/562/2 559/559/2
f 552/552/2 551/551/2 563/563/2 564/564/2
f 554/554/2 553/553/2 565/565/2 566/566/2
f 551/551/2 555/555/2 567/567/2 563/563/2
f 553/553/2 556/556/2 568/568/2 565/565/2
f 558/558/2 557/557/2 569/569/2 570/570/2
f 560/560/2 559/559/2 571/571/2 572/572/2
f 557/557/2 561/561/2 573/573/2 569/569/2
f 559/559/2 562/562/2 574/574/2 571/571/2
f 564/564/2 563/563/2 575/575/2 576/576/2
f 566/566/2 565/565/2 577/577/2 578/578/2
f 563/563/2 567/567/2 579/579/2 575/575/2
f 565/565/2 568/568/2 580/580/2 577/577/2
f 570/570/2 569/569/2 581/581/2 582/582/2
f 572/572/2 571/571/2 583/583/2 584/584/2
f 569/569/2 573/573/2 585/585/2 581/581/2
f 571/571/2 574/574/2 586/586/2 583/583/2
f 576/576/2 575/575/2 587/587/2 588/588/2
f 578/578/2 577/577/2 589/589/2 590/590/2
f 575/575/2 579/579/2 591/591/2 587/587/2
f 577/577/2 580/580/2 592/592/2 589/589/2
f 1/593/3 593/594/3 594/595/3 2/596/3
f 593/594/3 297/597/3 300/598/3 594/595/3
f 5/599/3 595/600/3 596/601/3 6/602/3
f 595/600/3 301/603/3 304/604/3 596/601/3
f 13/605/3 597/606/3 63/607/3 14/608/3
f 597/606/3 309/609/3 312/610/3 63/607/3
f 17/611/3 598/612/3 358/613/3 18/614/3
f 598/612/3 313/615/3 316/616/3 358/613/3
f 2/596/3 594/595/3 599/617/3 25/618/3
f 594/595/3 300/598/3 322/619/3 599/617/3
f 6/602/3 596/601/3 600/620/3 27/621/3
f 596/601/3 304/604/3 324/622/3 600/620/3
f 299/623/3 601/624/3 602/625/3 321/626/3
f 601/624/3 603/627/3 604/628/3 602/625/3
f 603/627/3 605/629/3 606/630/3 604/628/3
f 605/629/3 607/631/3 608/632/3 606/630/3
f 607/631/3 609/633/3 610/634/3 608/632/3
f 609/633/3 611/635/3 612/636/3 610/634/3
f 611/635/3 613/637/3 614/638/3 612/636/3
f 613/637/3 615/639/3 616/640/3 614/638/3
f 615/639/3 617/641/3 618/642/3 616/640/3
f 617/641/3 619/643/3 620/644/3 618/642/3
f 619/643/3 621/645/3 622/646/3 620/644/3
f 621/645/3 623/647/3 624/648/3 622/646/3
f 623/647/3 625/649/3 626/650/3 624/648/3
f 625/649/3 627/651/3 628/652/3 626/650/3
f 627/651/3 629/653/3 630/654/3 628/652/3
f 629/653/3 631/655/3 632/656/3 630/654/3
f 631/655/3 633/657/3 634/658/3 632/656/3
f 633/657/3 635/659/3 636/660/3 634/658/3
f 635/659/3 637/661/3 638/662/3 636/660/3
f 637/661/3 639/663/3 640/664/3 638/662/3
f 639/663/3 641/665/3 642/666/3 640/664/3
f 641/665/3 7/667/3 28/668/3 642/666/3
f 14/608/3 63/607/3 62/669/3 64/670/3
f 358/613/3 316/616/3 361/671/3 359/672/3
f 25/618/3 599/617/3 643/673/3 69/674/3
f 599/617/3 322/619/3 366/675/3 643/673/3
f 27/621/3 600/620/3 644/676/3 71/677/3
f 600/620/3 324/622/3 368/678/3 644/676/3
f 64/670/3 62/669/3 645/679/3 76/680/3
f 62/669/3 372/681/3 374/682/3 645/679/3
f 78/683/3 359/672/3 646/684/3 79/685/3
f 359/672/3 361/671/3 376/686/3 646/684/3
f 69/674/3 643/673/3 647/687/3 83/688/3
f 643/673/3 366/675/3 380/689/3 647/687/3
f 71/677/3 644/676/3 648/690/3 85/691/3
f 644/676/3 368/678/3 382/692/3 648/690/3
f 76/680/3 645/679/3 649/693/3 89/694/3
f 645/679/3 374/682/3 386/695/3 649/693/3
f 79/685/3 646/684/3 650/696/3 91/697/3
f 646/684/3 376/686/3 388/698/3 650/696/3
f 83/688/3 647/687/3 651/699/3 95/700/3
f 647/687/3 380/689/3 392/701/3 651/699/3
f 85/691/3 648/690/3 652/702/3 97/703/3
f 648/690/3 382/692/3 394/704/3 652/702/3
f 89/694/3 649/693/3 653/705/3 101/706/3
f 649/693/3 386/695/3 398/707/3 653/705/3
f 91/697/3 650/696/3 654/708/3 103/709/3
f 650/696/3 388/698/3 400/710/3 654/708/3
f 95/700/3 651/699/3 655/711/3 107/712/3
f 651/699/3 392/701/3 404/713/3 655/711/3
f 97/703/3 652/702/3 656/714/3 109/715/3
f 652/702/3 394/704/3 406/716/3 656/714/3
f 101/706/3 653/705/3 657/717/3 113/718/3
f 653/705/3 398/707/3 410/719/3 657/717/3
f 103/709/3 654/708/3 658/720/3 115/721/3
f 654/708/3 400/710/3 412/722/3 658/720/3
f 107/712/3 655/711/3 659/723/3 119/724/3
f 655/711/3 404/713/3 416/725/3 659/723/3
f 109/715/3 656/714/3 660/726/3 121/727/3
f 656/714/3 406/716/3 418/728/3 660/726/3
f 113/718/3 657/717/3 661/729/3 125/730/3
f 657/717/3 410/719/3 422/731/3 661/729/3
f 115/721/3 658/720/3 662/732/3 127/733/3
f 658/720/3 412/722/3 424/734/3 662/732/3
f 119/724/3 659/723/3 663/735/3 131/736/3
f 659/723/3 416/725/3 428/737/3 663/735/3
f 121/727/3 660/726/3 664/738/3 133/739/3
f 660/726/3 418/728/3 430/740/3 664/738/3
f 125/730/3 661/729/3 665/741/3 137/742/3
f 661/729/3 422/731/3 434/743/3 665/741/3
f 127/733/3 662/732/3 666/744/3 139/745/3
f 662/732/3 424/734/3 436/746/3 666/744/3
f 131/736/3 663/735/3 667/747/3 143/748/3
f 663/735/3 428/737/3 440/749/3 667/747/3
f 133/739/3 664/738/3 668/750/3 145/751/3
f 664/738/3 430/740/3 442/752/3 668/750/3
f 137/742/3 665/741/3 669/753/3 149/754/3
f 665/741/3 434/743/3 446/755/3 669/753/3
f 139/745/3 666/744/3 670/756/3 151/757/3
f 666/744/3 436/746/3 448/758/3 670/756/3
f 143/748/3 667/747/3 671/759/3 155/760/3
f 667/747/3 440/749/3 452/761/3 671/759/3
f 145/751/3 668/750/3 672/762/3 157/763/3
f 668/750/3 442/752/3 454/764/3 672/762/3
f 149/754/3 669/753/3 673/765/3 161/766/3
f 669/753/3 446/755/3 458/767/3 673/765/3
f 151/757/3 670/756/3 674/768/3 163/769/3
f 670/756/3 448/758/3 460/770/3 674/768/3
f 155/760/3 671/759/3 675/771/3 167/772/3
f 671/759/3 452/761/3 464/773/3 675/771/3
f 157/763/3 672/762/3 676/774/3 169/775/3
f 672/762/3 454/764/3 466/776/3 676/774/3
f 161/766/3 673/765/3 677/777/3 173/778/3
f 673/765/3 458/767/3 470/779/3 677/777/3
f 163/769/3 674/768/3 678/780/3 175/781/3
f 674/768/3 460/770/3 472/782/3 678/780/3
f 167/772/3 675/771/3 679/783/3 179/784/3
f 675/771/3 464/773/3 476/785/3 679/783/3
f 169/775/3 676/774/3 680/786/3 181/787/3
f 676/774/3 466/776/3 478/788/3 680/786/3
f 173/778/3 677/777/3 681/789/3 185/790/3
f 677/777/3 470/779/3 482/791/3 681/789/3
f 175/781/3 678/780/3 682/792/3 187/793/3
f 678/780/3 472/782/3 484/794/3 682/792/3
f 179/784/3 679/783/3 683/795/3 191/796/3
f 679/783/3 476/785/3 488/797/3 683/795/3
f 181/787/3 680/786/3 684/798/3 193/799/3
f 680/786/3 478/788/3 490/800/3 684/798/3
f 185/790/3 681/789/3 241/801/3 197/802/3
f 681/789/3 482/791/3 494/803/3 241/801/3
f 187/793/3 682/792/3 536/804/3 199/805/3
f 682/792/3 484/794/3 496/806/3 536/804/3
f 191/796/3 683/795/3 685/807/3 203/808/3
f 683/795/3 488/797/3 500/809/3 685/807/3
f 193/799/3 684/798/3 686/810/3 205/811/3
f 684/798/3 490/800/3 502/812/3 686/810/3
f 487/813/3 687/814/3 688/815/3 499/816/3
f 687/814/3 689/817/3 690/818/3 688/815/3
f 689/817/3 691/819/3 692/820/3 690/818/3
f 691/819/3 693/821/3 694/822/3 692/820/3
f 693/821/3 695/823/3 696/824/3 694/822/3
f 695/823/3 697/825/3 698/826/3 696/824/3
f 697/825/3 699/827/3 700/828/3 698/826/3
f 699/827/3 701/829/3 702/830/3 700/828/3
f 701/829/3 703/831/3 704/832/3 702/830/3
f 703/831/3 705/833/3 706/834/3 704/832/3
f 705/833/3 707/835/3 708/836/3 706/834/3
f 707/835/3 709/837/3 710/838/3 708/836/3
f 709/837/3 711/839/3 712/840/3 710/838/3
f 711/839/3 713/841/3 714/842/3 712/840/3
f 713/841/3 715/843/3 716/844/3 714/842/3
f 715/843/3 717/845/3 718/846/3 716/844/3
f 717/845/3 719/847/3 720/848/3 718/846/3
f 719/847/3 721/849/3 722/850/3 720/848/3
f 721/849/3 723/851/3 724/852/3 722/850/3
f 723/851/3 725/853/3 726/854/3 724/852/3
f 725/853/3 727/855/3 728/856/3 726/854/3
f 727/855/3 194/857/3 206/858/3 728/856/3
f 197/802/3 241/801/3 240/859/3 242/860/3
f 536/804/3 496/806/3 539/861/3 537/862/3
f 203/808/3 685/807/3 729/863/3 247/864/3
f 685/807/3 500/809/3 544/865/3 729/863/3
f 205/811/3 686/810/3 730/866/3 249/867/3
f 686/810/3 502/812/3 546/868/3 730/866/3
f 242/860/3 240/859/3 731/869/3 254/870/3
f 240/859/3 550/871/3 552/872/3 731/869/3
f 256/873/3 537/862/3 732/874/3 257/875/3
f 537/862/3 539/861/3 554/876/3 732/874/3
f 247/864/3 729/863/3 733/877/3 261/878/3
f 729/863/3 544/865/3 558/879/3 733/877/3
f 249/867/3 730/866/3 734/880/3 263/881/3
f 730/866/3 546/868/3 560/882/3 734/880/3
f 254/870/3 731/869/3 735/883/3 267/884/3
f 731/869/3 552/872/3 564/885/3 735/883/3
f 257/875/3 732/874/3 736/886/3 269/887/3
f 732/874/3 554/876/3 566/888/3 736/886/3
f 261/878/3 733/877/3 737/889/3 273/890/3
f 733/877/3 558/879/3 570/891/3 737/889/3
f 263/881/3 734/880/3 738/892/3 275/893/3
f 734/880/3 560/882/3 572/894/3 738/892/3
f 267/884/3 735/883/3 739/895/3 279/896/3
f 735/883/3 564/885/3 576/897/3 739/895/3
f 269/887/3 736/886/3 740/898/3 281/899/3
f 736/886/3 566/888/3 578/900/3 740/898/3
f 273/890/3 737/889/3 741/901/3 285/902/3
f 737/889/3 570/891/3 582/903/3 741/901/3
f 275/893/3 738/892/3 742/904/3 287/905/3
f 738/892/3 572/894/3 584/906/3 742/904/3
f 279/896/3 739/895/3 743/907/3 291/908/3
f 739/895/3 576/897/3 588/909/3 743/907/3
f 281/899/3 740/898/3 744/910/3 293/911/3
f 740/898/3 578/900/3 590/912/3 744/910/3
f 10/913/4 9/914/4 30/915/4 745/916/4
f 745/916/4 30/915/4 306/917/4 305/918/4
f 12/919/4 11/920/4 326/921/4 746/922/4
f 746/922/4 326/921/4 308/923/4 307/924/4
f 22/925/4 21/926/4 747/927/4 748/928/4
f 748/928/4 747/927/4 318/929/4 317/930/4
f 24/931/4 23/932/4 749/933/4 750/934/4
f 750/934/4 749/933/4 320/935/4 319/936/4
f 9/914/4 29/937/4 31/938/4 30/915/4
f 326/921/4 329/939/4 325/940/4 308/923/4
f 311/941/4 363/942/4 751/943/4 752/944/4
f 752/944/4 751/943/4 753/945/4 754/946/4
f 754/946/4 753/945/4 755/947/4 756/948/4
f 756/948/4 755/947/4 757/949/4 758/950/4
f 758/950/4 757/949/4 759/951/4 760/952/4
f 760/952/4 759/951/4 761/953/4 762/954/4
f 762/954/4 761/953/4 763/955/4 764/956/4
f 764/956/4 763/955/4 765/957/4 766/958/4
f 766/958/4 765/957/4 767/959/4 768/960/4
f 768/960/4 767/959/4 769/961/4 770/962/4
f 770/962/4 769/961/4 771/963/4 772/964/4
f 772/964/4 771/963/4 773/965/4 774/966/4
f 774/966/4 773/965/4 775/967/4 776/968/4
f 776/968/4 775/967/4 777/969/4 778/970/4
f 778/970/4 777/969/4 779/971/4 780/972/4
f 780/972/4 779/971/4 781/973/4 782/974/4
f 782/974/4 781/973/4 783/975/4 784/976/4
f 784/976/4 783/975/4 785/977/4 786/978/4
f 786/978/4 785/977/4 787/979/4 788/980/4
f 788/980/4 787/979/4 789/981/4 790/982/4
f 790/982/4 789/981/4 791/983/4 792/984/4
f 792/984/4 791/983/4 67/985/4 19/986/4
f 21/926/4 66/987/4 793/988/4 747/927/4
f 747/927/4 793/988/4 362/989/4 318/929/4
f 23/932/4 68/990/4 794/991/4 749/933/4
f 749/933/4 794/991/4 364/992/4 320/935/4
f 29/937/4 73/993/4 795/994/4 31/938/4
f 31/938/4 795/994/4 370/995/4 369/996/4
f 75/997/4 74/998/4 796/999/4 329/939/4
f 329/939/4 796/999/4 371/1000/4 325/940/4
f 66/987/4 81/1001/4 797/1002/4 793/988/4
f 793/988/4 797/1002/4 377/1003/4 362/989/4
f 68/990/4 82/1004/4 798/1005/4 794/991/4
f 794/991/4 798/1005/4 378/1006/4 364/992/4
f 73/993/4 87/1007/4 799/1008/4 795/994/4
f 795/994/4 799/1008/4 383/1009/4 370/995/4
f 74/998/4 88/1010/4 800/1011/4 796/999/4
f 796/999/4 800/1011/4 384/1012/4 371/1000/4
f 81/1001/4 93/1013/4 801/1014/4 797/1002/4
f 797/1002/4 801/1014/4 389/1015/4 377/1003/4
f 82/1004/4 94/1016/4 802/1017/4 798/1005/4
f 798/1005/4 802/1017/4 390/1018/4 378/1006/4
f 87/1007/4 99/1019/4 803/1020/4 799/1008/4
f 799/1008/4 803/1020/4 395/1021/4 383/1009/4
f 88/1010/4 100/1022/4 804/1023/4 800/1011/4
f 800/1011/4 804/1023/4 396/1024/4 384/1012/4
f 93/1013/4 105/1025/4 805/1026/4 801/1014/4
f 801/1014/4 805/1026/4 401/1027/4 389/1015/4
f 94/1016/4 106/1028/4 806/1029/4 802/1017/4
f 802/1017/4 806/1029/4 402/1030/4 390/1018/4
f 99/1019/4 111/1031/4 807/1032/4 803/1020/4
f 803/1020/4 807/1032/4 407/1033/4 395/1021/4
f 100/1022/4 112/1034/4 808/1035/4 804/1023/4
f 804/1023/4 808/1035/4 408/1036/4 396/1024/4
f 105/1025/4 117/1037/4 809/1038/4 805/1026/4
f 805/1026/4 809/1038/4 413/1039/4 401/1027/4
f 106/1028/4 118/1040/4 810/1041/4 806/1029/4
f 806/1029/4 810/1041/4 414/1042/4 402/1030/4
f 111/1031/4 123/1043/4 811/1044/4 807/1032/4
f 807/1032/4 811/1044/4 419/1045/4 407/1033/4
f 112/1034/4 124/1046/4 812/1047/4 808/1035/4
f 808/1035/4 812/1047/4 420/1048/4 408/1036/4
f 117/1037/4 129/1049/4 813/1050/4 809/1038/4
f 809/1038/4 813/1050/4 425/1051/4 413/1039/4
f 118/1040/4 130/1052/4 814/1053/4 810/1041/4
f 810/1041/4 814/1053/4 426/1054/4 414/1042/4
f 123/1043/4 135/1055/4 815/1056/4 811/1044/4
f 811/1044/4 815/1056/4 431/1057/4 419/1045/4
f 124/1046/4 136/1058/4 816/1059/4 812/1047/4
f 812/1047/4 816/1059/4 432/1060/4 420/1048/4
f 129/1049/4 141/1061/4 817/1062/4 813/1050/4
f 813/1050/4 817/1062/4 437/1063/4 425/1051/4
f 130/1052/4 142/1064/4 818/1065/4 814/1053/4
f 814/1053/4 818/1065/4 438/1066/4 426/1054/4
f 135/1055/4 147/1067/4 819/1068/4 815/1056/4
f 815/1056/4 819/1068/4 443/1069/4 431/1057/4
f 136/1058/4 148/1070/4 820/1071/4 816/1059/4
f 816/1059/4 820/1071/4 444/1072/4 432/1060/4
f 141/1061/4 153/1073/4 821/1074/4 817/1062/4
f 817/1062/4 821/1074/4 449/1075/4 437/1063/4
f 142/1064/4 154/1076/4 822/1077/4 818/1065/4
f 818/1065/4 822/1077/4 450/1078/4 438/1066/4
f 147/1067/4 159/1079/4 823/1080/4 819/1068/4
f 819/1068/4 823/1080/4 455/1081/4 443/1069/4
f 148/1070/4 160/1082/4 824/1083/4 820/1071/4
f 820/1071/4 824/1083/4 456/1084/4 444/1072/4
f 153/1073/4 165/1085/4 825/1086/4 821/1074/4
f 821/1074/4 825/1086/4 461/1087/4 449/1075/4
f 154/1076/4 166/1088/4 826/1089/4 822/1077/4
f 822/1077/4 826/1089/4 462/1090/4 450/1078/4
f 159/1079/4 171/1091/4 827/1092/4 823/1080/4
f 823/1080/4 827/1092/4 467/1093/4 455/1081/4
f 160/1082/4 172/1094/4 828/1095/4 824/1083/4
f 824/1083/4 828/1095/4 468/1096/4 456/1084/4
f 165/1085/4 177/1097/4 829/1098/4 825/1086/4
f 825/1086/4 829/1098/4 473/1099/4 461/1087/4
f 166/1088/4 178/1100/4 830/1101/4 826/1089/4
f 826/1089/4 830/1101/4 474/1102/4 462/1090/4
f 171/1091/4 183/1103/4 831/1104/4 827/1092/4
f 827/1092/4 831/1104/4 479/1105/4 467/1093/4
f 172/1094/4 184/1106/4 832/1107/4 828/1095/4
f 828/1095/4 832/1107/4 480/1108/4 468/1096/4
f 177/1097/4 189/1109/4 833/1110/4 829/1098/4
f 829/1098/4 833/1110/4 485/1111/4 473/1099/4
f 178/1100/4 190/1112/4 834/1113/4 830/1101/4
f 830/1101/4 834/1113/4 486/1114/4 474/1102/4
f 183/1103/4 195/1115/4 208/1116/4 831/1104/4
f 831/1104/4 208/1116/4 491/1117/4 479/1105/4
f 184/1106/4 196/1118/4 504/1119/4 832/1107/4
f 832/1107/4 504/1119/4 492/1120/4 480/1108/4
f 189/1109/4 201/1121/4 835/1122/4 833/1110/4
f 833/1110/4 835/1122/4 497/1123/4 485/1111/4
f 190/1112/4 202/1124/4 836/1125/4 834/1113/4
f 834/1113/4 836/1125/4 498/1126/4 486/1114/4
f 195/1115/4 207/1127/4 209/1128/4 208/1116/4
f 504/1119/4 507/1129/4 503/1130/4 492/1120/4
f 493/1131/4 541/1132/4 837/1133/4 838/1134/4
f 838/1134/4 837/1133/4 839/1135/4 840/1136/4
f 840/1136/4 839/1135/4 841/1137/4 842/1138/4
f 842/1138/4 841/1137/4 843/1139/4 844/1140/4
f 844/1140/4 843/1139/4 845/1141/4 846/1142/4
f 846/1142/4 845/1141/4 847/1143/4 848/1144/4
f 848/1144/4 847/1143/4 849/1145/4 850/1146/4
f 850/1146/4 849/1145/4 851/1147/4 852/1148/4
f 852/1148/4 851/1147/4 853/1149/4 854/1150/4
f 854/1150/4 853/1149/4 855/1151/4 856/1152/4
f 856/1152/4 855/1151/4 857/1153/4 858/1154/4
f 858/1154/4 857/1153/4 859/1155/4 860/1156/4
f 860/1156/4 859/1155/4 861/1157/4 862/1158/4
f 862/1158/4 861/1157/4 863/1159/4 864/1160/4
f 864/1160/4 863/1159/4 865/1161/4 866/1162/4
f 866/1162/4 865/1161/4 867/1163/4 868/1164/4
f 868/1164/4 867/1163/4 869/1165/4 870/1166/4
f 870/1166/4 869/1165/4 871/1167/4 872/1168/4
f 872/1168/4 871/1167/4 873/1169/4 874/1170/4
f 874/1170/4 873/1169/4 875/1171/4 876/1172/4
f 876/1172/4 875/1171/4 877/1173/4 878/1174/4
f 878/1174/4 877/1173/4 245/1175/4 200/1176/4
f 201/1121/4 244/1177/4 879/1178/4 835/1122/4
f 835/1122/4 879/1178/4 540/1179/4 497/1123/4
f 202/1124/4 246/1180/4 880/1181/4 836/1125/4
f 836/1125/4 880/1181/4 542/1182/4 498/1126/4
f 207/1127/4 251/1183/4 881/1184/4 209/1128/4
f 209/1128/4 881/1184/4 548/1185/4 547/1186/4
f 253/1187/4 252/1188/4 882/1189/4 507/1129/4
f 507/1129/4 882/1189/4 549/1190/4 503/1130/4
f 244/1177/4 259/1191/4 883/1192/4 879/1178/4
f 879/1178/4 883/1192/4 555/1193/4 540/1179/4
f 246/1180/4 260/1194/4 884/1195/4 880/1181/4
f 880/1181/4 884/1195/4 556/1196/4 542/1182/4
f 251/1183/4 265/1197/4 885/1198/4 881/1184/4
f 881/1184/4 885/1198/4 561/1199/4 548/1185/4
f 252/1188/4 266/1200/4 886/1201/4 882/1189/4
f 882/1189/4 886/1201/4 562/1202/4 549/1190/4
f 259/1191/4 271/1203/4 887/1204/4 883/1192/4
f 883/1192/4 887/1204/4 567/1205/4 555/1193/4
f 260/1194/4 272/1206/4 888/1207/4 884/1195/4
f 884/1195/4 888/1207/4 568/1208/4 556/1196/4
f 265/1197/4 277/1209/4 889/1210/4 885/1198/4
f 885/1198/4 889/1210/4 573/1211/4 561/1199/4
f 266/1200/4 278/1212/4 890/1213/4 886/1201/4
f 886/1201/4 890/1213/4 574/1214/4 562/1202/4
f 271/1203/4 283/1215/4 891/1216/4 887/1204/4
f 887/1204/4 891/1216/4 579/1217/4 567/1205/4
f 272/1206/4 284/1218/4 892/1219/4 888/1207/4
f 888/1207/4 892/1219/4 580/1220/4 568/1208/4
f 277/1209/4 289/1221/4 893/1222/4 889/1210/4
f 889/1210/4 893/1222/4 585/1223/4 573/1211/4
f 278/1212/4 290/1224/4 894/1225/4 890/1213/4
f 890/1213/4 894/1225/4 586/1226/4 574/1214/4
f 283/1215/4 295/1227/4 895/1228/4 891/1216/4
f 891/1216/4 895/1228/4 591/1229/4 579/1217/4
f 284/1218/4 296/1230/4 896/1231/4 892/1219/4
f 892/1219/4 896/1231/4 592/1232/4 580/1220/4
f 1/1233/5 4/1234/5 897/1235/5 593/1236/5
f 593/1236/5 897/1235/5 298/1237/5 297/1238/5
f 5/1239/5 8/1240/5 898/1241/5 595/1242/5
f 595/1242/5 898/1241/5 302/1243/5 301/1244/5
f 4/1234/5 10/1245/5 745/1246/5 897/1235/5
f 897/1235/5 745/1246/5 305/1247/5 298/1237/5
f 8/1240/5 12/1248/5 746/1249/5 898/1241/5
f 898/1241/5 746/1249/5 307/1250/5 302/1243/5
f 13/1251/5 16/1252/5 899/1253/5 597/1254/5
f 597/1254/5 899/1253/5 310/1255/5 309/1256/5
f 17/1257/5 20/1258/5 900/1259/5 598/1260/5
f 598/1260/5 900/1259/5 314/1261/5 313/1262/5
f 16/1252/5 22/1263/5 748/1264/5 899/1253/5
f 899/1253/5 748/1264/5 317/1265/5 310/1255/5
f 20/1258/5 24/1266/5 750/1267/5 900/1259/5
f 900/1259/5 750/1267/5 319/1268/5 314/1261/5
f 299/1269/5 306/1270/5 901/1271/5 601/1272/5
f 601/1272/5 901/1271/5 902/1273/5 603/1274/5
f 603/1274/5 902/1273/5 903/1275/5 605/1276/5
f 605/1276/5 903/1275/5 904/1277/5 607/1278/5
f 607/1278/5 904/1277/5 905/1279/5 609/1280/5
f 609/1280/5 905/1279/5 906/1281/5 611/1282/5
f 611/1282/5 906/1281/5 907/1283/5 613/1284/5
f 613/1284/5 907/1283/5 908/1285/5 615/1286/5
f 615/1286/5 908/1285/5 909/1287/5 617/1288/5
f 617/1288/5 909/1287/5 910/1289/5 619/1290/5
f 619/1290/5 910/1289/5 911/1291/5 621/1292/5
f 621/1292/5 911/1291/5 912/1293/5 623/1294/5
f 623/1294/5 912/1293/5 913/1295/5 625/1296/5
f 625/1296/5 913/1295/5 914/1297/5 627/1298/5
f 627/1298/5 914/1297/5 915/1299/5 629/1300/5
f 629/1300/5 915/1299/5 916/1301/5 631/1302/5
f 631/1302/5 916/1301/5 917/1303/5 633/1304/5
f 633/1304/5 917/1303/5 918/1305/5 635/1306/5
f 635/1306/5 918/1305/5 919/1307/5 637/1308/5
f 637/1308/5 919/1307/5 920/1309/5 639/1310/5
f 639/1310/5 920/1309/5 921/1311/5 641/1312/5
f 641/1312/5 921/1311/5 11/1313/5 7/1314/5
f 30/1315/5 33/1316/5 922/1317/5 306/1270/5
f 306/1270/5 922/1317/5 923/1318/5 901/1271/5
f 901/1271/5 923/1318/5 924/1319/5 902/1273/5
f 902/1273/5 924/1319/5 925/1320/5 903/1275/5
f 903/1275/5 925/1320/5 926/1321/5 904/1277/5
f 904/1277/5 926/1321/5 927/1322/5 905/1279/5
f 905/1279/5 927/1322/5 928/1323/5 906/1281/5
f 906/1281/5 928/1323/5 929/1324/5 907/1283/5
f 907/1283/5 929/1324/5 930/1325/5 908/1285/5
f 908/1285/5 930/1325/5 931/1326/5 909/1287/5
f 909/1287/5 931/1326/5 932/1327/5 910/1289/5
f 910/1289/5 932/1327/5 933/1328/5 911/1291/5
f 911/1291/5 933/1328/5 934/1329/5 912/1293/5
f 912/1293/5 934/1329/5 935/1330/5 913/1295/5
f 913/1295/5 935/1330/5 936/1331/5 914/1297/5
f 914/1297/5 936/1331/5 937/1332/5 915/1299/5
f 915/1299/5 937/1332/5 938/1333/5 916/1301/5
f 916/1301/5 938/1333/5 939/1334/5 917/1303/5
f 917/1303/5 939/1334/5 940/1335/5 918/1305/5
f 918/1305/5 940/1335/5 941/1336/5 919/1307/5
f 919/1307/5 941/1336/5 942/1337/5 920/1309/5
f 920/1309/5 942/1337/5 943/1338/5 921/1311/5
f 921/1311/5 943/1338/5 944/1339/5 11/1313/5
f 11/1313/5 944/1339/5 327/1340/5 326/1341/5
f 33/1316/5 35/1342/5 945/1343/5 922/1317/5
f 922/1317/5 945/1343/5 946/1344/5 923/1318/5
f 923/1318/5 946/1344/5 947/1345/5 924/1319/5
f 924/1319/5 947/1345/5 948/1346/5 925/1320/5
f 925/1320/5 948/1346/5 949/1347/5 926/1321/5
f 926/1321/5 949/1347/5 950/1348/5 927/1322/5
f 927/1322/5 950/1348/5 951/1349/5 928/1323/5
f 928/1323/5 951/1349/5 952/1350/5 929/1324/5
f 929/1324/5 952/1350/5 953/1351/5 930/1325/5
f 930/1325/5 953/1351/5 954/1352/5 931/1326/5
f 931/1326/5 954/1352/5 955/1353/5 932/1327/5
f 932/1327/5 955/1353/5 956/1354/5 933/1328/5
f 933/1328/5 956/1354/5 957/1355/5 934/1329/5
f 934/1329/5 957/1355/5 958/1356/5 935/1330/5
f 935/1330/5 958/1356/5 959/1357/5 936/1331/5
f 936/1331/5 959/1357/5 960/1358/5 937/1332/5
f 937/1332/5 960/1358/5 961/1359/5 938/1333/5
f 938/1333/5 961/1359/5 962/1360/5 939/1334/5
f 939/1334/5 962/1360/5 963/1361/5 940/1335/5
f 940/1335/5 963/1361/5 964/1362/5 941/1336/5
f 941/1336/5 964/1362/5 965/1363/5 942/1337/5
f 942/1337/5 965/1363/5 966/1364/5 943/1338/5
f 943/1338/5 966/1364/5 967/1365/5 944/1339/5
f 944/1339/5 967/1365/5 330/1366/5 327/1340/5
f 35/1342/5 37/1367/5 968/1368/5 945/1343/5
f 945/1343/5 968/1368/5 969/1369/5 946/1344/5
f 946/1344/5 969/1369/5 970/1370/5 947/1345/5
f 947/1345/5 970/1370/5 971/1371/5 948/1346/5
f 948/1346/5 971/1371/5 972/1372/5 949/1347/5
f 949/1347/5 972/1372/5 973/1373/5 950/1348/5
f 950/1348/5 973/1373/5 974/1374/5 951/1349/5
f 951/1349/5 974/1374/5 975/1375/5 952/1350/5
f 952/1350/5 975/1375/5 976/1376/5 953/1351/5
f 953/1351/5 976/1376/5 977/1377/5 954/1352/5
f 954/1352/5 977/1377/5 978/1378/5 955/1353/5
f 955/1353/5 978/1378/5 979/1379/5 956/1354/5
f 956/1354/5 979/1379/5 980/1380/5 957/1355/5
f 957/1355/5 980/1380/5 981/1381/5 958/1356/5
f 958/1356/5 981/1381/5 982/1382/5 959/1357/5
f 959/1357/5 982/1382/5 983/1383/5 960/1358/5
f 960/1358/5 983/1383/5 984/1384/5 961/1359/5
f 961/1359/5 984/1384/5 985/1385/5 962/1360/5
f 962/1360/5 985/1385/5 986/1386/5 963/1361/5
f 963/1361/5 986/1386/5 987/1387/5 964/1362/5
f 964/1362/5 987/1387/5 988/1388/5 965/1363/5
f 965/1363/5 988/1388/5 989/1389/5 966/1364/5
f 966/1364/5 989/1389/5 990/1390/5 967/1365/5
f 967/1365/5 990/1390/5 332/1391/5 330/1366/5
f 37/1367/5 39/1392/5 991/1393/5 968/1368/5
f 968/1368/5 991/1393/5 992/1394/5 969/1369/5
f 969/1369/5 992/1394/5 993/1395/5 970/1370/5
f 970/1370/5 993/1395/5 994/1396/5 971/1371/5
f 971/1371/5 994/1396/5 995/1397/5 972/1372/5
f 972/1372/5 995/1397/5 996/1398/5 973/1373/5
f 973/1373/5 996/1398/5 997/1399/5 974/1374/5
f 974/1374/5 997/1399/5 998/1400/5 975/1375/5
f 975/1375/5 998/1400/5 999/1401/5 976/1376/5
f 976/1376/5 999/1401/5 1000/1402/5 977/1377/5
f 977/1377/5 1000/1402/5 1001/1403/5 978/1378/5
f 978/1378/5 1001/1403/5 1002/1404/5 979/1379/5
f 979/1379/5 1002/1404/5 1003/1405/5 980/1380/5
f 980/1380/5 1003/1405/5 1004/1406/5 981/1381/5
f 981/1381/5 1004/1406/5 1005/1407/5 982/1382/5
f 982/1382/5 1005/1407/5 1006/1408/5 983/1383/5
f 983/1383/5 1006/1408/5 1007/1409/5 984/1384/5
f 984/1384/5 1007/1409/5 1008/1410/5 985/1385/5
f 985/1385/5 1008/1410/5 1009/1411/5 986/1386/5
f 986/1386/5 1009/1411/5 1010/1412/5 987/1387/5
f 987/1387/5 1010/1412/5 1011/1413/5 988/1388/5
f 988/1388/5 1011/1413/5 1012/1414/5 989/1389/5
f 989/1389/5 1012/1414/5 1013/1415/5 990/1390/5
f 990/1390/5 1013/1415/5 334/1416/5 332/1391/5
f 39/1392/5 41/1417/5 1014/1418/5 991/1393/5
f 991/1393/5 1014/1418/5 1015/1419/5 992/1394/5
f 992/1394/5 1015/1419/5 1016/1420/5 993/1395/5
f 993/1395/5 1016/1420/5 1017/1421/5 994/1396/5
f 994/1396/5 1017/1421/5 1018/1422/5 995/1397/5
f 995/1397/5 1018/1422/5 1019/1423/5 996/1398/5
f 996/1398/5 1019/1423/5 1020/1424/5 997/1399/5
f 997/1399/5 1020/1424/5 1021/1425/5 998/1400/5
f 998/1400/5 1021/1425/5 1022/1426/5 999/1401/5
f 999/1401/5 1022/1426/5 1023/1427/5 1000/1402/5
f 1000/1402/5 1023/1427/5 1024/1428/5 1001/1403/5
f 1001/1403/5 1024/1428/5 1025/1429/5 1002/1404/5
f 1002/1404/5 1025/1429/5 1026/1430/5 1003/1405/5
f 1003/1405/5 1026/1430/5 1027/1431/5 1004/1406/5
f 1004/1406/5 1027/1431/5 1028/1432/5 1005/1407/5
f 1005/1407/5 1028/1432/5 1029/1433/5 1006/1408/5
f 1006/1408/5 1029/1433/5 1030/1434/5 1007/1409/5
f 1007/1409/5 1030/1434/5 1031/1435/5 1008/1410/5
f 1008/1410/5 1031/1435/5 1032/1436/5 1009/1411/5
f 1009/1411/5 1032/1436/5 1033/1437/5 1010/1412/5
f 1010/1412/5 1033/1437/5 1034/1438/5 1011/1413/5
f 1011/1413/5 1034/1438/5 1035/1439/5 1012/1414/5
f 1012/1414/5 1035/1439/5 1036/1440/5 1013/1415/5
f 1013/1415/5 1036/1440/5 336/1441/5 334/1416/5
f 41/1417/5 43/1442/5 1037/1443/5 1014/1418/5
f 1014/1418/5 1037/1443/5 1038/1444/5 1015/1419/5
f 1015/1419/5 1038/1444/5 1039/1445/5 1016/1420/5
f 1016/1420/5 1039/1445/5 1040/1446/5 1017/1421/5
f 1017/1421/5 1040/1446/5 1041/1447/5 1018/1422/5
f 1018/1422/5 1041/1447/5 1042/1448/5 1019/1423/5
f 1019/1423/5 1042/1448/5 1043/1449/5 1020/1424/5
f 1020/1424/5 1043/1449/5 1044/1450/5 1021/1425/5
f 1021/1425/5 1044/1450/5 1045/1451/5 1022/1426/5
f 1022/1426/5 1045/1451/5 1046/1452/5 1023/1427/5
f 1023/1427/5 1046/1452/5 1047/1453/5 1024/1428/5
f 1024/1428/5 1047/1453/5 1048/1454/5 1025/1429/5
f 1025/1429/5 1048/1454/5 1049/1455/5 1026/1430/5
f 1026/1430/5 1049/1455/5 1050/1456/5 1027/1431/5
f 1027/1431/5 1050/1456/5 1051/1457/5 1028/1432/5
f 1028/1432/5 1051/1457/5 1052/1458/5 1029/1433/5
f 1029/1433/5 1052/1458/5 1053/1459/5 1030/1434/5
f 1030/1434/5 1053/1459/5 1054/1460/5 1031/1435/5
f 1031/1435/5 1054/1460/5 1055/1461/5 1032/1436/5
f 1032/1436/5 1055/1461/5 1056/1462/5 1033/1437/5
f 1033/1437/5 1056/1462/5 1057/1463/5 1034/1438/5
f 1034/1438/5 1057/1463/5 1058/1464/5 1035/1439/5
f 1035/1439/5 1058/1464/5 1059/1465/5 1036/1440/5
f 1036/1440/5 1059/1465/5 338/1466/5 336/1441/5
f 43/1442/5 45/1467/5 1060/1468/5 1037/1443/5
f 1037/1443/5 1060/1468/5 1061/1469/5 1038/1444/5
f 1038/1444/5 1061/1469/5 1062/1470/5 1039/1445/5
f 1039/1445/5 1062/1470/5 1063/1471/5 1040/1446/5
f 1040/1446/5 1063/1471/5 1064/1472/5 1041/1447/5
f 1041/1447/5 1064/1472/5 1065/1473/5 1042/1448/5
f 1042/1448/5 1065/1473/5 1066/1474/5 1043/1449/5
f 1043/1449/5 1066/1474/5 1067/1475/5 1044/1450/5
f 1044/1450/5 1067/1475/5 1068/1476/5 1045/1451/5
f 1045/1451/5 1068/1476/5 1069/1477/5 1046/1452/5
f 1046/1452/5 1069/1477/5 1070/1478/5 1047/1453/5
f 1047/1453/5 1070/1478/5 1071/1479/5 1048/1454/5
f 1048/1454/5 1071/1479/5 1072/1480/5 1049/1455/5
f 1049/1455/5 1072/1480/5 1073/1481/5 1050/1456/5
f 1050/1456/5 1073/1481/5 1074/1482/5 1051/1457/5
f 1051/1457/5 1074/1482/5 1075/1483/5 1052/1458/5
f 1052/1458/5 1075/1483/5 1076/1484/5 1053/1459/5
f 1053/1459/5 1076/1484/5 1077/1485/5 1054/1460/5
f 1054/1460/5 1077/1485/5 1078/1486/5 1055/1461/5
f 1055/1461/5 1078/1486/5 1079/1487/5 1056/1462/5
f 1056/1462/5 1079/1487/5 1080/1488/5 1057/1463/5
f 1057/1463/5 1080/1488/5 1081/1489/5 1058/1464/5
f 1058/1464/5 1081/1489/5 1082/1490/5 1059/1465/5
f 1059/1465/5 1082/1490/5 340/1491/5 338/1466/5
f 45/1467/5 47/1492/5 1083/1493/5 1060/1468/5
f 1060/1468/5 1083/1493/5 1084/1494/5 1061/1469/5
f 1061/1469/5 1084/1494/5 1085/1495/5 1062/1470/5
f 1062/1470/5 1085/1495/5 1086/1496/5 1063/1471/5
f 1063/1471/5 1086/1496/5 1087/1497/5 1064/1472/5
f 1064/1472/5 1087/1497/5 1088/1498/5 1065/1473/5
f 1065/1473/5 1088/1498/5 1089/1499/5 1066/1474/5
f 1066/1474/5 1089/1499/5 1090/1500/5 1067/1475/5
f 1067/1475/5 1090/1500/5 1091/1501/5 1068/1476/5
f 1068/1476/5 1091/1501/5 1092/1502/5 1069/1477/5
f 1069/1477/5 1092/1502/5 1093/1503/5 1070/1478/5
f 1070/1478/5 1093/1503/5 1094/1504/5 1071/1479/5
f 1071/1479/5 1094/1504/5 1095/1505/5 1072/1480/5
f 1072/1480/5 1095/1505/5 1096/1506/5 1073/1481/5
f 1073/1481/5 1096/1506/5 1097/1507/5 1074/1482/5
f 1074/1482/5 1097/1507/5 1098/1508/5 1075/1483/5
f 1075/1483/5 1098/1508/5 1099/1509/5 1076/1484/5
f 1076/1484/5 1099/1509/5 1100/1510/5 1077/1485/5
f 1077/1485/5 1100/1510/5 1101/1511/5 1078/1486/5
f 1078/1486/5 1101/1511/5 1102/1512/5 1079/1487/5
f 1079/1487/5 1102/1512/5 1103/1513/5 1080/1488/5
f 1080/1488/5 1103/1513/5 1104/1514/5 1081/1489/5
f 1081/1489/5 1104/1514/5 1105/1515/5 1082/1490/5
f 1082/1490/5 1105/1515/5 342/1516/5 340/1491/5
f 47/1492/5 49/1517/5 1106/1518/5 1083/1493/5
f 1083/1493/5 1106/1518/5 1107/1519/5 1084/1494/5
f 1084/1494/5 1107/1519/5 1108/1520/5 1085/1495/5
f 1085/1495/5 1108/1520/5 1109/1521/5 1086/1496/5
f 1086/1496/5 1109/1521/5 1110/1522/5 1087/1497/5
f 1087/1497/5 1110/1522/5 1111/1523/5 1088/1498/5
f 1088/1498/5 1111/1523/5 1112/1524/5 1089/1499/5
f 1089/1499/5 1112/1524/5 1113/1525/5 1090/1500/5
f 1090/1500/5 1113/1525/5 1114/1526/5 1091/1501/5
f 1091/1501/5 1114/1526/5 1115/1527/5 1092/1502/5
f 1092/1502/5 1115/1527/5 1116/1528/5 1093/1503/5
f 1093/1503/5 1116/1528/5 1117/1529/5 1094/1504/5
f 1094/1504/5 1117/1529/5 1118/1530/5 1095/1505/5
f 1095/1505/5 1118/1530/5 1119/1531/5 1096/1506/5
f 1096/1506/5 1119/1531/5 1120/1532/5 1097/1507/5
f 1097/1507/5 1120/1532/5 1121/1533/5 1098/1508/5
f 1098/1508/5 1121/1533/5 1122/1534/5 1099/1509/5
f 1099/1509/5 1122/1534/5 1123/1535/5 1100/1510/5
f 1100/1510/5 1123/1535/5 1124/1536/5 1101/1511/5
f 1101/1511/5 1124/1536/5 1125/1537/5 1102/1512/5
f 1102/1512/5 1125/1537/5 1126/1538/5 1103/1513/5
f 1103/1513/5 1126/1538/5 1127/1539/5 1104/1514/5
f 1104/1514/5 1127/1539/5 1128/1540/5 1105/1515/5
f 1105/1515/5 1128/1540/5 344/1541/5 342/1516/5
f 49/1517/5 51/1542/5 1129/1543/5 1106/1518/5
f 1106/1518/5 1129/1543/5 1130/1544/5 1107/1519/5
f 1107/1519/5 1130/1544/5 1131/1545/5 1108/1520/5
f 1108/1520/5 1131/1545/5 1132/1546/5 1109/1521/5
f 1109/1521/5 1132/1546/5 1133/1547/5 1110/1522/5
f 1110/1522/5 1133/1547/5 1134/1548/5 1111/1523/5
f 1111/1523/5 1134/1548/5 1135/1549/5 1112/1524/5
f 1112/1524/5 1135/1549/5 1136/1550/5 1113/1525/5
f 1113/1525/5 1136/1550/5 1137/1551/5 1114/1526/5
f 1114/1526/5 1137/1551/5 1138/1552/5 1115/1527/5
f 1115/1527/5 1138/1552/5 1139/1553/5 1116/1528/5
f 1116/1528/5 1139/1553/5 1140/1554/5 1117/1529/5
f 1117/1529/5 1140/1554/5 1141/1555/5 1118/1530/5
f 1118/1530/5 1141/1555/5 1142/1556/5 1119/1531/5
f 1119/1531/5 1142/1556/5 1143/1557/5 1120/1532/5
f 1120/1532/5 1143/1557/5 1144/1558/5 1121/1533/5
f 1121/1533/5 1144/1558/5 1145/1559/5 1122/1534/5
f 1122/1534/5 1145/1559/5 1146/1560/5 1123/1535/5
f 1123/1535/5 1146/1560/5 1147/1561/5 1124/1536/5
f 1124/1536/5 1147/1561/5 1148/1562/5 1125/1537/5
f 1125/1537/5 1148/1562/5 1149/1563/5 1126/1538/5
f 1126/1538/5 1149/1563/5 1150/1564/5 1127/1539/5
f 1127/1539/5 1150/1564/5 1151/1565/5 1128/1540/5
f 1128/1540/5 1151/1565/5 346/1566/5 344/1541/5
f 51/1542/5 53/1567/5 1152/1568/5 1129/1543/5
f 1129/1543/5 1152/1568/5 1153/1569/5 1130/1544/5
f 1130/1544/5 1153/1569/5 1154/1570/5 1131/1545/5
f 1131/1545/5 1154/1570/5 1155/1571/5 1132/1546/5
f 1132/1546/5 1155/1571/5 1156/1572/5 1133/1547/5
f 1133/1547/5 1156/1572/5 1157/1573/5 1134/1548/5
f 1134/1548/5 1157/1573/5 1158/1574/5 1135/1549/5
f 1135/1549/5 1158/1574/5 1159/1575/5 1136/1550/5
f 1136/1550/5 1159/1575/5 1160/1576/5 1137/1551/5
f 1137/1551/5 1160/1576/5 1161/1577/5 1138/1552/5
f 1138/1552/5 1161/1577/5 1162/1578/5 1139/1553/5
f 1139/1553/5 1162/1578/5 1163/1579/5 1140/1554/5
f 1140/1554/5 1163/1579/5 1164/1580/5 1141/1555/5
f 1141/1555/5 1164/1580/5 1165/1581/5 1142/1556/5
f 1142/1556/5 1165/1581/5 1166/1582/5 1143/1557/5
f 1143/1557/5 1166/1582/5 1167/1583/5 1144/1558/5
f 1144/1558/5 1167/1583/5 1168/1584/5 1145/1559/5
f 1145/1559/5 1168/1584/5 1169/1585/5 1146/1560/5
f 1146/1560/5 1169/1585/5 1170/1586/5 1147/1561/5
f 1147/1561/5 1170/1586/5 1171/1587/5 1148/1562/5
f 1148/1562/5 1171/1587/5 1172/1588/5 1149/1563/5
f 1149/1563/5 1172/1588/5 1173/1589/5 1150/1564/5
f 1150/1564/5 1173/1589/5 1174/1590/5 1151/1565/5
f 1151/1565/5 1174/1590/5 348/1591/5 346/1566/5
f 53/1567/5 55/1592/5 1175/1593/5 1152/1568/5
f 1152/1568/5 1175/1593/5 1176/1594/5 1153/1569/5
f 1153/1569/5 1176/1594/5 1177/1595/5 1154/1570/5
f 1154/1570/5 1177/1595/5 1178/1596/5 1155/1571/5
f 1155/1571/5 1178/1596/5 1179/1597/5 1156/1572/5
f 1156/1572/5 1179/1597/5 1180/1598/5 1157/1573/5
f 1157/1573/5 1180/1598/5 1181/1599/5 1158/1574/5
f 1158/1574/5 1181/1599/5 1182/1600/5 1159/1575/5
f 1159/1575/5 1182/1600/5 1183/1601/5 1160/1576/5
f 1160/1576/5 1183/1601/5 1184/1602/5 1161/1577/5
f 1161/1577/5 1184/1602/5 1185/1603/5 1162/1578/5
f 1162/1578/5 1185/1603/5 1186/1604/5 1163/1579/5
f 1163/1579/5 1186/1604/5 1187/1605/5 1164/1580/5
f 1164/1580/5 1187/1605/5 1188/1606/5 1165/1581/5
f 1165/1581/5 1188/1606/5 1189/1607/5 1166/1582/5
f 1166/1582/5 1189/1607/5 1190/1608/5 1167/1583/5
f 1167/1583/5 1190/1608/5 1191/1609/5 1168/1584/5
f 1168/1584/5 1191/1609/5 1192/1610/5 1169/1585/5
f 1169/1585/5 1192/1610/5 1193/1611/5 1170/1586/5
f 1170/1586/5 1193/1611/5 1194/1612/5 1171/1587/5
f 1171/1587/5 1194/1612/5 1195/1613/5 1172/1588/5
f 1172/1588/5 1195/1613/5 1196/1614/5 1173/1589/5
f 1173/1589/5 1196/1614/5 1197/1615/5 1174/1590/5
f 1174/1590/5 1197/1615/5 350/1616/5 348/1591/5
f 55/1592/5 57/1617/5 1198/1618/5 1175/1593/5
f 1175/1593/5 1198/1618/5 1199/1619/5 1176/1594/5
f 1176/1594/5 1199/1619/5 1200/1620/5 1177/1595/5
f 1177/1595/5 1200/1620/5 1201/1621/5 1178/1596/5
f 1178/1596/5 1201/1621/5 1202/1622/5 1179/1597/5
f 1179/1597/5 1202/1622/5 1203/1623/5 1180/1598/5
f 1180/1598/5 1203/1623/5 1204/1624/5 1181/1599/5
f 1181/1599/5 1204/1624/5 1205/1625/5 1182/1600/5
f 1182/1600/5 1205/1625/5 1206/1626/5 1183/1601/5
f 1183/1601/5 1206/1626/5 1207/1627/5 1184/1602/5
f 1184/1602/5 1207/1627/5 1208/1628/5 1185/1603/5
f 1185/1603/5 1208/1628/5 1209/1629/5 1186/1604/5
f 1186/1604/5 1209/1629/5 1210/1630/5 1187/1605/5
f 1187/1605/5 1210/1630/5 1211/1631/5 1188/1606/5
f 1188/1606/5 1211/1631/5 1212/1632/5 1189/1607/5
f 1189/1607/5 1212/1632/5 1213/1633/5 1190/1608/5
f 1190/1608/5 1213/1633/5 1214/1634/5 1191/1609/5
f 1191/1609/5 1214/1634/5 1215/1635/5 1192/1610/5
f 1192/1610/5 1215/1635/5 1216/1636/5 1193/1611/5
f 1193/1611/5 1216/1636/5 1217/1637/5 1194/1612/5
f 1194/1612/5 1217/1637/5 1218/1638/5 1195/1613/5
f 1195/1613/5 1218/1638/5 1219/1639/5 1196/1614/5
f 1196/1614/5 1219/1639/5 1220/1640/5 1197/1615/5
f 1197/1615/5 1220/1640/5 352/1641/5 350/1616/5
f 57/1617/5 59/1642/5 1221/1643/5 1198/1618/5
f 1198/1618/5 1221/1643/5 1222/1644/5 1199/1619/5
f 1199/1619/5 1222/1644/5 1223/1645/5 1200/1620/5
f 1200/1620/5 1223/1645/5 1224/1646/5 1201/1621/5
f 1201/1621/5 1224/1646/5 1225/1647/5 1202/1622/5
f 1202/1622/5 1225/1647/5 1226/1648/5 1203/1623/5
f 1203/1623/5 1226/1648/5 1227/1649/5 1204/1624/5
f 1204/1624/5 1227/1649/5 1228/1650/5 1205/1625/5
f 1205/1625/5 1228/1650/5 1229/1651/5 1206/1626/5
f 1206/1626/5 1229/1651/5 1230/1652/5 1207/1627/5
f 1207/1627/5 1230/1652/5 1231/1653/5 1208/1628/5
f 1208/1628/5 1231/1653/5 1232/1654/5 1209/1629/5
f 1209/1629/5 1232/1654/5 1233/1655/5 1210/1630/5
f 1210/1630/5 1233/1655/5 1234/1656/5 1211/1631/5
f 1211/1631/5 1234/1656/5 1235/1657/5 1212/1632/5
f 1212/1632/5 1235/1657/5 1236/1658/5 1213/1633/5
f 1213/1633/5 1236/1658/5 1237/1659/5 1214/1634/5
f 1214/1634/5 1237/1659/5 1238/1660/5 1215/1635/5
f 1215/1635/5 1238/1660/5 1239/1661/5 1216/1636/5
f 1216/1636/5 1239/1661/5 1240/1662/5 1217/1637/5
f 1217/1637/5 1240/1662/5 1241/1663/5 1218/1638/5
f 1218/1638/5 1241/1663/5 1242/1664/5 1219/1639/5
f 1219/1639/5 1242/1664/5 1243/1665/5 1220/1640/5
f 1220/1640/5 1243/1665/5 354/1666/5 352/1641/5
f 59/1642/5 61/1667/5 1244/1668/5 1221/1643/5
f 1221/1643/5 1244/1668/5 1245/1669/5 1222/1644/5
f 1222/1644/5 1245/1669/5 1246/1670/5 1223/1645/5
f 1223/1645/5 1246/1670/5 1247/1671/5 1224/1646/5
f 1224/1646/5 1247/1671/5 1248/1672/5 1225/1647/5
f 1225/1647/5 1248/1672/5 1249/1673/5 1226/1648/5
f 1226/1648/5 1249/1673/5 1250/1674/5 1227/1649/5
f 1227/1649/5 1250/1674/5 1251/1675/5 1228/1650/5
f 1228/1650/5 1251/1675/5 1252/1676/5 1229/1651/5
f 1229/1651/5 1252/1676/5 1253/1677/5 1230/1652/5
f 1230/1652/5 1253/1677/5 1254/1678/5 1231/1653/5
f 1231/1653/5 1254/1678/5 1255/1679/5 1232/1654/5
f 1232/1654/5 1255/1679/5 1256/1680/5 1233/1655/5
f 1233/1655/5 1256/1680/5 1257/1681/5 1234/1656/5
f 1234/1656/5 1257/1681/5 1258/1682/5 1235/1657/5
f 1235/1657/5 1258/1682/5 1259/1683/5 1236/1658/5
f 1236/1658/5 1259/1683/5 1260/1684/5 1237/1659/5
f 1237/1659/5 1260/1684/5 1261/1685/5 1238/1660/5
f 1238/1660/5 1261/1685/5 1262/1686/5 1239/1661/5
f 1239/1661/5 1262/1686/5 1263/1687/5 1240/1662/5
f 1240/1662/5 1263/1687/5 1264/1688/5 1241/1663/5
f 1241/1663/5 1264/1688/5 1265/1689/5 1242/1664/5
f 1242/1664/5 1265/1689/5 1266/1690/5 1243/1665/5
f 1243/1665/5 1266/1690/5 356/1691/5 354/1666/5
f 61/1667/5 63/1692/5 312/1693/5 1244/1668/5
f 1244/1668/5 312/1693/5 1267/1694/5 1245/1669/5
f 1245/1669/5 1267/1694/5 1268/1695/5 1246/1670/5
f 1246/1670/5 1268/1695/5 1269/1696/5 1247/1671/5
f 1247/1671/5 1269/1696/5 1270/1697/5 1248/1672/5
f 1248/1672/5 1270/1697/5 1271/1698/5 1249/1673/5
f 1249/1673/5 1271/1698/5 1272/1699/5 1250/1674/5
f 1250/1674/5 1272/1699/5 1273/1700/5 1251/1675/5
f 1251/1675/5 1273/1700/5 1274/1701/5 1252/1676/5
f 1252/1676/5 1274/1701/5 1275/1702/5 1253/1677/5
f 1253/1677/5 1275/1702/5 1276/1703/5 1254/1678/5
f 1254/1678/5 1276/1703/5 1277/1704/5 1255/1679/5
f 1255/1679/5 1277/1704/5 1278/1705/5 1256/1680/5
f 1256/1680/5 1278/1705/5 1279/1706/5 1257/1681/5
f 1257/1681/5 1279/1706/5 1280/1707/5 1258/1682/5
f 1258/1682/5 1280/1707/5 1281/1708/5 1259/1683/5
f 1259/1683/5 1281/1708/5 1282/1709/5 1260/1684/5
f 1260/1684/5 1282/1709/5 1283/1710/5 1261/1685/5
f 1261/1685/5 1283/1710/5 1284/1711/5 1262/1686/5
f 1262/1686/5 1284/1711/5 1285/1712/5 1263/1687/5
f 1263/1687/5 1285/1712/5 1286/1713/5 1264/1688/5
f 1264/1688/5 1286/1713/5 1287/1714/5 1265/1689/5
f 1265/1689/5 1287/1714/5 18/1715/5 1266/1690/5
f 1266/1690/5 18/1715/5 358/1716/5 356/1691/5
f 312/1693/5 311/1717/5 752/1718/5 1267/1694/5
f 1267/1694/5 752/1718/5 754/1719/5 1268/1695/5
f 1268/1695/5 754/1719/5 756/1720/5 1269/1696/5
f 1269/1696/5 756/1720/5 758/1721/5 1270/1697/5
f 1270/1697/5 758/1721/5 760/1722/5 1271/1698/5
f 1271/1698/5 760/1722/5 762/1723/5 1272/1699/5
f 1272/1699/5 762/1723/5 764/1724/5 1273/1700/5
f 1273/1700/5 764/1724/5 766/1725/5 1274/1701/5
f 1274/1701/5 766/1725/5 768/1726/5 1275/1702/5
f 1275/1702/5 768/1726/5 770/1727/5 1276/1703/5
f 1276/1703/5 770/1727/5 772/1728/5 1277/1704/5
f 1277/1704/5 772/1728/5 774/1729/5 1278/1705/5
f 1278/1705/5 774/1729/5 776/1730/5 1279/1706/5
f 1279/1706/5 776/1730/5 778/1731/5 1280/1707/5
f 1280/1707/5 778/1731/5 780/1732/5 1281/1708/5
f 1281/1708/5 780/1732/5 782/1733/5 1282/1709/5
f 1282/1709/5 782/1733/5 784/1734/5 1283/1710/5
f 1283/1710/5 784/1734/5 786/1735/5 1284/1711/5
f 1284/1711/5 786/1735/5 788/1736/5 1285/1712/5
f 1285/1712/5 788/1736/5 790/1737/5 1286/1713/5
f 1286/1713/5 790/1737/5 792/1738/5 1287/1714/5
f 1287/1714/5 792/1738/5 19/1739/5 18/1715/5
f 487/1740/5 491/1741/5 1288/1742/5 687/1743/5
f 687/1743/5 1288/1742/5 1289/1744/5 689/1745/5
f 689/1745/5 1289/1744/5 1290/1746/5 691/1747/5
f 691/1747/5 1290/1746/5 1291/1748/5 693/1749/5
f 693/1749/5 1291/1748/5 1292/1750/5 695/1751/5
f 695/1751/5 1292/1750/5 1293/1752/5 697/1753/5
f 697/1753/5 1293/1752/5 1294/1754/5 699/1755/5
f 699/1755/5 1294/1754/5 1295/1756/5 701/1757/5
f 701/1757/5 1295/1756/5 1296/1758/5 703/1759/5
f 703/1759/5 1296/1758/5 1297/1760/5 705/1761/5
f 705/1761/5 1297/1760/5 1298/1762/5 707/1763/5
f 707/1763/5 1298/1762/5 1299/1764/5 709/1765/5
f 709/1765/5 1299/1764/5 1300/1766/5 711/1767/5
f 711/1767/5 1300/1766/5 1301/1768/5 713/1769/5
f 713/1769/5 1301/1768/5 1302/1770/5 715/1771/5
f 715/1771/5 1302/1770/5 1303/1772/5 717/1773/5
f 717/1773/5 1303/1772/5 1304/1774/5 719/1775/5
f 719/1775/5 1304/1774/5 1305/1776/5 721/1777/5
f 721/1777/5 1305/1776/5 1306/1778/5 723/1779/5
f 723/1779/5 1306/1778/5 1307/1780/5 725/1781/5
f 725/1781/5 1307/1780/5 1308/1782/5 727/1783/5
f 727/1783/5 1308/1782/5 196/1784/5 194/1785/5
f 208/1786/5 211/1787/5 1309/1788/5 491/1741/5
f 491/1741/5 1309/1788/5 1310/1789/5 1288/1742/5
f 1288/1742/5 1310/1789/5 1311/1790/5 1289/1744/5
f 1289/1744/5 1311/1790/5 1312/1791/5 1290/1746/5
f 1290/1746/5 1312/1791/5 1313/1792/5 1291/1748/5
f 1291/1748/5 1313/1792/5 1314/1793/5 1292/1750/5
f 1292/1750/5 1314/1793/5 1315/1794/5 1293/1752/5
f 1293/1752/5 1315/1794/5 1316/1795/5 1294/1754/5
f 1294/1754/5 1316/1795/5 1317/1796/5 1295/1756/5
f 1295/1756/5 1317/1796/5 1318/1797/5 1296/1758/5
f 1296/1758/5 1318/1797/5 1319/1798/5 1297/1760/5
f 1297/1760/5 1319/1798/5 1320/1799/5 1298/1762/5
f 1298/1762/5 1320/1799/5 1321/1800/5 1299/1764/5
f 1299/1764/5 1321/1800/5 1322/1801/5 1300/1766/5
f 1300/1766/5 1322/1801/5 1323/1802/5 1301/1768/5
f 1301/1768/5 1323/1802/5 1324/1803/5 1302/1770/5
f 1302/1770/5 1324/1803/5 1325/1804/5 1303/1772/5
f 1303/1772/5 1325/1804/5 1326/1805/5 1304/1774/5
f 1304/1774/5 1326/1805/5 1327/1806/5 1305/1776/5
f 1305/1776/5 1327/1806/5 1328/1807/5 1306/1778/5
f 1306/1778/5 1328/1807/5 1329/1808/5 1307/1780/5
f 1307/1780/5 1329/1808/5 1330/1809/5 1308/1782/5
f 1308/1782/5 1330/1809/5 1331/1810/5 196/1784/5
f 196/1784/5 1331/1810/5 505/1811/5 504/1812/5
f 211/1787/5 213/1813/5 1332/1814/5 1309/1788/5
f 1309/1788/5 1332/1814/5 1333/1815/5 1310/1789/5
f 1310/1789/5 1333/1815/5 1334/1816/5 1311/1790/5
f 1311/1790/5 1334/1816/5 1335/1817/5 1312/1791/5
f 1312/1791/5 1335/1817/5 1336/1818/5 1313/1792/5
f 1313/1792/5 1336/1818/5 1337/1819/5 1314/1793/5
f 1314/1793/5 1337/1819/5 1338/1820/5 1315/1794/5
f 1315/1794/5 1338/1820/5 1339/1821/5 1316/1795/5
f 1316/1795/5 1339/1821/5 1340/1822/5 1317/1796/5
f 1317/1796/5 1340/1822/5 1341/1823/5 1318/1797/5
f 1318/1797/5 1341/1823/5 1342/1824/5 1319/1798/5
f 1319/1798/5 1342/1824/5 1343/1825/5 1320/1799/5
f 1320/1799/5 1343/1825/5 1344/1826/5 1321/1800/5
f 1321/1800/5 1344/1826/5 1345/1827/5 1322/1801/5
f 1322/1801/5 1345/1827/5 1346/1828/5 1323/1802/5
f 1323/1802/5 1346/1828/5 1347/1829/5 1324/1803/5
f 1324/1803/5 1347/1829/5 1348/1830/5 1325/1804/5
f 1325/1804/5 1348/1830/5 1349/1831/5 1326/1805/5
f 1326/1805/5 1349/1831/5 1350/1832/5 1327/1806/5
f 1327/1806/5 1350/1832/5 1351/1833/5 1328/1807/5
f 1328/1807/5 1351/1833/5 1352/1834/5 1329/1808/5
f 1329/1808/5 1352/1834/5 1353/1835/5 1330/1809/5
f 1330/1809/5 1353/1835/5 1354/1836/5 1331/1810/5
f 1331/1810/5 1354/1836/5 508/1837/5 505/1811/5
f 213/1813/5 215/1838/5 1355/1839/5 1332/1814/5
f 1332/1814/5 1355/1839/5 1356/1840/5 1333/1815/5
f 1333/1815/5 1356/1840/5 1357/1841/5 1334/1816/5
f 1334/1816/5 1357/1841/5 1358/1842/5 1335/1817/5
f 1335/1817/5 1358/1842/5 1359/1843/5 1336/1818/5
f 1336/1818/5 1359/1843/5 1360/1844/5 1337/1819/5
f 1337/1819/5 1360/1844/5 1361/1845/5 1338/1820/5
f 1338/1820/5 1361/1845/5 1362/1846/5 1339/1821/5
f 1339/1821/5 1362/1846/5 1363/1847/5 1340/1822/5
f 1340/1822/5 1363/1847/5 1364/1848/5 1341/1823/5
f 1341/1823/5 1364/1848/5 1365/1849/5 1342/1824/5
f 1342/1824/5 1365/1849/5 1366/1850/5 1343/1825/5
f 1343/1825/5 1366/1850/5 1367/1851/5 1344/1826/5
f 1344/1826/5 1367/1851/5 1368/1852/5 1345/1827/5
f 1345/1827/5 1368/1852/5 1369/1853/5 1346/1828/5
f 1346/1828/5 1369/1853/5 1370/1854/5 1347/1829/5
f 1347/1829/5 1370/1854/5 1371/1855/5 1348/1830/5
f 1348/1830/5 1371/1855/5 1372/1856/5 1349/1831/5
f 1349/1831/5 1372/1856/5 1373/1857/5 1350/1832/5
f 1350/1832/5 1373/1857/5 1374/1858/5 1351/1833/5
f 1351/1833/5 1374/1858/5 1375/1859/5 1352/1834/5
f 1352/1834/5 1375/1859/5 1376/1860/5 1353/1835/5
f 1353/1835/5 1376/1860/5 1377/1861/5 1354/1836/5
f 1354/1836/5 1377/1861/5 510/1862/5 508/1837/5
f 215/1838/5 217/1863/5 1378/1864/5 1355/1839/5
f 1355/1839/5 1378/1864/5 1379/1865/5 1356/1840/5
f 1356/1840/5 1379/1865/5 1380/1866/5 1357/1841/5
f 1357/1841/5 1380/1866/5 1381/1867/5 1358/1842/5
f 1358/1842/5 1381/1867/5 1382/1868/5 1359/1843/5
f 1359/1843/5 1382/1868/5 1383/1869/5 1360/1844/5
f 1360/1844/5 1383/1869/5 1384/1870/5 1361/1845/5
f 1361/1845/5 1384/1870/5 1385/1871/5 1362/1846/5
f 1362/1846/5 1385/1871/5 1386/1872/5 1363/1847/5
f 1363/1847/5 1386/1872/5 1387/1873/5 1364/1848/5
f 1364/1848/5 1387/1873/5 1388/1874/5 1365/1849/5
f 1365/1849/5 1388/1874/5 1389/1875/5 1366/1850/5
f 1366/1850/5 1389/1875/5 1390/1876/5 1367/1851/5
f 1367/1851/5 1390/1876/5 1391/1877/5 1368/1852/5
f 1368/1852/5 1391/1877/5 1392/1878/5 1369/1853/5
f 1369/1853/5 1392/1878/5 1393/1879/5 1370/1854/5
f 1370/1854/5 1393/1879/5 1394/1880/5 1371/1855/5
f 1371/1855/5 1394/1880/5 1395/1881/5 1372/1856/5
f 1372/1856/5 1395/1881/5 1396/1882/5 1373/1857/5
f 1373/1857/5 1396/1882/5 1397/1883/5 1374/1858/5
f 1374/1858/5 1397/1883/5 1398/1884/5 1375/1859/5
f 1375/1859/5 1398/1884/5 1399/1885/5 1376/1860/5
f 1376/1860/5 1399/1885/5 1400/1886/5 1377/1861/5
f 1377/1861/5 1400/1886/5 512/1887/5 510/1862/5
f 217/1863/5 219/1888/5 1401/1889/5 1378/1864/5
f 1378/1864/5 1401/1889/5 1402/1890/5 1379/1865/5
f 1379/1865/5 1402/1890/5 1403/1891/5 1380/1866/5
f 1380/1866/5 1403/1891/5 1404/1892/5 1381/1867/5
f 1381/1867/5 1404/1892/5 1405/1893/5 1382/1868/5
f 1382/1868/5 1405/1893/5 1406/1894/5 1383/1869/5
f 1383/1869/5 1406/1894/5 1407/1895/5 1384/1870/5
f 1384/1870/5 1407/1895/5 1408/1896/5 1385/1871/5
f 1385/1871/5 1408/1896/5 1409/1897/5 1386/1872/5
f 1386/1872/5 1409/1897/5 1410/1898/5 1387/1873/5
f 1387/1873/5 1410/1898/5 1411/1899/5 1388/1874/5
f 1388/1874/5 1411/1899/5 1412/1900/5 1389/1875/5
f 1389/1875/5 1412/1900/5 1413/1901/5 1390/1876/5
f 1390/1876/5 1413/1901/5 1414/1902/5 1391/1877/5
f 1391/1877/5 1414/1902/5 1415/1903/5 1392/1878/5
f 1392/1878/5 1415/1903/5 1416/1904/5 1393/1879/5
f 1393/1879/5 1416/1904/5 1417/1905/5 1394/1880/5
f 1394/1880/5 1417/1905/5 1418/1906/5 1395/1881/5
f 1395/1881/5 1418/1906/5 1419/1907/5 1396/1882/5
f 1396/1882/5 1419/1907/5 1420/1908/5 1397/1883/5
f 1397/1883/5 1420/1908/5 1421/1909/5 1398/1884/5
f 1398/1884/5 1421/1909/5 1422/1910/5 1399/1885/5
f 1399/1885/5 1422/1910/5 1423/1911/5 1400/1886/5
f 1400/1886/5 1423/1911/5 514/1912/5 512/1887/5
f 219/1888/5 221/1913/5 1424/1914/5 1401/1889/5
f 1401/1889/5 1424/1914/5 1425/1915/5 1402/1890/5
f 1402/1890/5 1425/1915/5 1426/1916/5 1403/1891/5
f 1403/1891/5 1426/1916/5 1427/1917/5 1404/1892/5
f 1404/1892/5 1427/1917/5 1428/1918/5 1405/1893/5
f 1405/1893/5 1428/1918/5 1429/1919/5 1406/1894/5
f 1406/1894/5 1429/1919/5 1430/1920/5 1407/1895/5
f 1407/1895/5 1430/1920/5 1431/1921/5 1408/1896/5
f 1408/1896/5 1431/1921/5 1432/1922/5 1409/1897/5
f 1409/1897/5 1432/1922/5 1433/1923/5 1410/1898/5
f 1410/1898/5 1433/1923/5 1434/1924/5 1411/1899/5
f 1411/1899/5 1434/1924/5 1435/1925/5 1412/1900/5
f 1412/1900/5 1435/1925/5 1436/1926/5 1413/1901/5
f 1413/1901/5 1436/1926/5 1437/1927/5 1414/1902/5
f 1414/1902/5 1437/1927/5 1438/1928/5 1415/1903/5
f 1415/1903/5 1438/1928/5 1439/1929/5 1416/1904/5
f 1416/1904/5 1439/1929/5 1440/1930/5 1417/1905/5
f 1417/1905/5 1440/1930/5 1441/1931/5 1418/1906/5
f 1418/1906/5 1441/1931/5 1442/1932/5 1419/1907/5
f 1419/1907/5 1442/1932/5 1443/1933/5 1420/1908/5
f 1420/1908/5 1443/1933/5 1444/1934/5 1421/1909/5
f 1421/1909/5 1444/1934/5 1445/1935/5 1422/1910/5
f 1422/1910/5 1445/1935/5 1446/1936/5 1423/1911/5
f 1423/1911/5 1446/1936/5 516/1937/5 514/1912/5
f 221/1913/5 223/1938/5 1447/1939/5 1424/1914/5
f 1424/1914/5 1447/1939/5 1448/1940/5 1425/1915/5
f 1425/1915/5 1448/1940/5 1449/1941/5 1426/1916/5
f 1426/1916/5 1449/1941/5 1450/1942/5 1427/1917/5
f 1427/1917/5 1450/1942/5 1451/1943/5 1428/1918/5
f 1428/1918/5 1451/1943/5 1452/1944/5 1429/1919/5
f 1429/1919/5 1452/1944/5 1453/1945/5 1430/1920/5
f 1430/1920/5 1453/1945/5 1454/1946/5 1431/1921/5
f 1431/1921/5 1454/1946/5 1455/1947/5 1432/1922/5
f 1432/1922/5 1455/1947/5 1456/1948/5 1433/1923/5
f 1433/1923/5 1456/1948/5 1457/1949/5 1434/1924/5
f 1434/1924/5 1457/1949/5 1458/1950/5 1435/1925/5
f 1435/1925/5 1458/1950/5 1459/1951/5 1436/1926/5
f 1436/1926/5 1459/1951/5 1460/1952/5 1437/1927/5
f 1437/1927/5 1460/1952/5 1461/1953/5 1438/1928/5
f 1438/1928/5 1461/1953/5 1462/1954/5 1439/1929/5
f 1439/1929/5 1462/1954/5 1463/1955/5 1440/1930/5
f 1440/1930/5 1463/1955/5 1464/1956/5 1441/1931/5
f 1441/1931/5 1464/1956/5 1465/1957/5 1442/1932/5
f 1442/1932/5 1465/1957/5 1466/1958/5 1443/1933/5
f 1443/1933/5 1466/1958/5 1467/1959/5 1444/1934/5
f 1444/1934/5 1467/1959/5 1468/1960/5 1445/1935/5
f 1445/1935/5 1468/1960/5 1469/1961/5 1446/1936/5
f 1446/1936/5 1469/1961/5 518/1962/5 516/1937/5
f 223/1938/5 225/1963/5 1470/1964/5 1447/1939/5
f 1447/1939/5 1470/1964/5 1471/1965/5 1448/1940/5
f 1448/1940/5 1471/1965/5 1472/1966/5 1449/1941/5
f 1449/1941/5 1472/1966/5 1473/1967/5 1450/1942/5
f 1450/1942/5 1473/1967/5 1474/1968/5 1451/1943/5
f 1451/1943/5 1474/1968/5 1475/1969/5 1452/1944/5
f 1452/1944/5 1475/1969/5 1476/1970/5 1453/1945/5
f 1453/1945/5 1476/1970/5 1477/1971/5 1454/1946/5
f 1454/1946/5 1477/1971/5 1478/1972/5 1455/1947/5
f 1455/1947/5 1478/1972/5 1479/1973/5 1456/1948/5
f 1456/1948/5 1479/1973/5 1480/1974/5 1457/1949/5
f 1457/1949/5 1480/1974/5 1481/1975/5 1458/1950/5
f 1458/1950/5 1481/1975/5 1482/1976/5 1459/1951/5
f 1459/1951/5 1482/1976/5 1483/1977/5 1460/1952/5
f 1460/1952/5 1483/1977/5 1484/1978/5 1461/1953/5
f 1461/1953/5 1484/1978/5 1485/1979/5 1462/1954/5
f 1462/1954/5 1485/1979/5 1486/1980/5 1463/1955/5
f 1463/1955/5 1486/1980/5 1487/1981/5 1464/1956/5
f 1464/1956/5 1487/1981/5 1488/1982/5 1465/1957/5
f 1465/1957/5 1488/1982/5 1489/1983/5 1466/1958/5
f 1466/1958/5 1489/1983/5 1490/1984/5 1467/1959/5
f 1467/1959/5 1490/1984/5 1491/1985/5 1468/1960/5
f 1468/1960/5 1491/1985/5 1492/1986/5 1469/1961/5
f 1469/1961/5 1492/1986/5 520/1987/5 518/1962/5
f 225/1963/5 227/1988/5 1493/1989/5 1470/1964/5
f 1470/1964/5 1493/1989/5 1494/1990/5 1471/1965/5
f 1471/1965/5 1494/1990/5 1495/1991/5 1472/1966/5
f 1472/1966/5 1495/1991/5 1496/1992/5 1473/1967/5
f 1473/1967/5 1496/1992/5 1497/1993/5 1474/1968/5
f 1474/1968/5 1497/1993/5 1498/1994/5 1475/1969/5
f 1475/1969/5 1498/1994/5 1499/1995/5 1476/1970/5
f 1476/1970/5 1499/1995/5 1500/1996/5 1477/1971/5
f 1477/1971/5 1500/1996/5 1501/1997/5 1478/1972/5
f 1478/1972/5 1501/1997/5 1502/1998/5 1479/1973/5
f 1479/1973/5 1502/1998/5 1503/1999/5 1480/1974/5
f 1480/1974/5 1503/1999/5 1504/2000/5 1481/1975/5
f 1481/1975/5 1504/2000/5 1505/2001/5 1482/1976/5
f 1482/1976/5 1505/2001/5 1506/2002/5 1483/1977/5
f 1483/1977/5 1506/2002/5 1507/2003/5 1484/1978/5
f 1484/1978/5 1507/2003/5 1508/2004/5 1485/1979/5
f 1485/1979/5 1508/2004/5 1509/2005/5 1486/1980/5
f 1486/1980/5 1509/2005/5 1510/2006/5 1487/1981/5
f 1487/1981/5 1510/2006/5 1511/2007/5 1488/1982/5
f 1488/1982/5 1511/2007/5 1512/2008/5 1489/1983/5
f 1489/1983/5 1512/2008/5 1513/2009/5 1490/1984/5
f 1490/1984/5 1513/2009/5 1514/2010/5 1491/1985/5
f 1491/1985/5 1514/2010/5 1515/2011/5 1492/1986/5
f 1492/1986/5 1515/2011/5 522/2012/5 520/1987/5
f 227/1988/5 229/2013/5 1516/2014/5 1493/1989/5
f 1493/1989/5 1516/2014/5 1517/2015/5 1494/1990/5
f 1494/1990/5 1517/2015/5 1518/2016/5 1495/1991/5
f 1495/1991/5 1518/2016/5 1519/2017/5 1496/1992/5
f 1496/1992/5 1519/2017/5 1520/2018/5 1497/1993/5
f 1497/1993/5 1520/2018/5 1521/2019/5 1498/1994/5
f 1498/1994/5 1521/2019/5 1522/2020/5 1499/1995/5
f 1499/1995/5 1522/2020/5 1523/2021/5 1500/1996/5
f 1500/1996/5 1523/2021/5 1524/2022/5 1501/1997/5
f 1501/1997/5 1524/2022/5 1525/2023/5 1502/1998/5
f 1502/1998/5 1525/2023/5 1526/2024/5 1503/1999/5
f 1503/1999/5 1526/2024/5 1527/2025/5 1504/2000/5
f 1504/2000/5 1527/2025/5 1528/2026/5 1505/2001/5
f 1505/2001/5 1528/2026/5 1529/2027/5 1506/2002/5
f 1506/2002/5 1529/2027/5 1530/2028/5 1507/2003/5
f 1507/2003/5 1530/2028/5 1531/2029/5 1508/2004/5
f 1508/2004/5 1531/2029/5 1532/2030/5 1509/2005/5
f 1509/2005/5 1532/2030/5 1533/2031/5 1510/2006/5
f 1510/2006/5 1533/2031/5 1534/2032/5 1511/2007/5
f 1511/2007/5 1534/2032/5 1535/2033/5 1512/2008/5
f 1512/2008/5 1535/2033/5 1536/2034/5 1513/2009/5
f 1513/2009/5 1536/2034/5 1537/2035/5 1514/2010/5
f 1514/2010/5 1537/2035/5 1538/2036/5 1515/2011/5
f 1515/2011/5 1538/2036/5 524/2037/5 522/2012/5
f 229/2013/5 231/2038/5 1539/2039/5 1516/2014/5
f 1516/2014/5 1539/2039/5 1540/2040/5 1517/2015/5
f 1517/2015/5 1540/2040/5 1541/2041/5 1518/2016/5
f 1518/2016/5 1541/2041/5 1542/2042/5 1519/2017/5
f 1519/2017/5 1542/2042/5 1543/2043/5 1520/2018/5
f 1520/2018/5 1543/2043/5 1544/2044/5 1521/2019/5
f 1521/2019/5 1544/2044/5 1545/2045/5 1522/2020/5
f 1522/2020/5 1545/2045/5 1546/2046/5 1523/2021/5
f 1523/2021/5 1546/2046/5 1547/2047/5 1524/2022/5
f 1524/2022/5 1547/2047/5 1548/2048/5 1525/2023/5
f 1525/2023/5 1548/2048/5 1549/2049/5 1526/2024/5
f 1526/2024/5 1549/2049/5 1550/2050/5 1527/2025/5
f 1527/2025/5 1550/2050/5 1551/2051/5 1528/2026/5
f 1528/2026/5 1551/2051/5 1552/2052/5 1529/2027/5
f 1529/2027/5 1552/2052/5 1553/2053/5 1530/2028/5
f 1530/2028/5 1553/2053/5 1554/2054/5 1531/2029/5
f 1531/2029/5 1554/2054/5 1555/2055/5 1532/2030/5
f 1532/2030/5 1555/2055/5 1556/2056/5 1533/2031/5
f 1533/2031/5 1556/2056/5 1557/2057/5 1534/2032/5
f 1534/2032/5 1557/2057/5 1558/2058/5 1535/2033/5
f 1535/2033/5 1558/2058/5 1559/2059/5 1536/2034/5
f 1536/2034/5 1559/2059/5 1560/2060/5 1537/2035/5
f 1537/2035/5 1560/2060/5 1561/2061/5 1538/2036/5
f 1538/2036/5 1561/2061/5 526/2062/5 524/2037/5
f 231/2038/5 233/2063/5 1562/2064/5 1539/2039/5
f 1539/2039/5 1562/2064/5 1563/2065/5 1540/2040/5
f 1540/2040/5 1563/2065/5 1564/2066/5 1541/2041/5
f 1541/2041/5 1564/2066/5 1565/2067/5 1542/2042/5
f 1542/2042/5 1565/2067/5 1566/2068/5 1543/2043/5
f 1543/2043/5 1566/2068/5 1567/2069/5 1544/2044/5
f 1544/2044/5 1567/2069/5 1568/2070/5 1545/2045/5
f 1545/2045/5 1568/2070/5 1569/2071/5 1546/2046/5
f 1546/2046/5 1569/2071/5 1570/2072/5 1547/2047/5
f 1547/2047/5 1570/2072/5 1571/2073/5 1548/2048/5
f 1548/2048/5 1571/2073/5 1572/2074/5 1549/2049/5
f 1549/2049/5 1572/2074/5 1573/2075/5 1550/2050/5
f 1550/2050/5 1573/2075/5 1574/2076/5 1551/2051/5
f 1551/2051/5 1574/2076/5 1575/2077/5 1552/2052/5
f 1552/2052/5 1575/2077/5 1576/2078/5 1553/2053/5
f 1553/2053/5 1576/2078/5 1577/2079/5 1554/2054/5
f 1554/2054/5 1577/2079/5 1578/2080/5 1555/2055/5
f 1555/2055/5 1578/2080/5 1579/2081/5 1556/2056/5
f 1556/2056/5 1579/2081/5 1580/2082/5 1557/2057/5
f 1557/2057/5 1580/2082/5 1581/2083/5 1558/2058/5
f 1558/2058/5 1581/2083/5 1582/2084/5 1559/2059/5
f 1559/2059/5 1582/2084/5 1583/2085/5 1560/2060/5
f 1560/2060/5 1583/2085/5 1584/2086/5 1561/2061/5
f 1561/2061/5 1584/2086/5 528/2087/5 526/2062/5
f 233/2063/5 235/2088/5 1585/2089/5 1562/2064/5
f 1562/2064/5 1585/2089/5 1586/2090/5 1563/2065/5
f 1563/2065/5 1586/2090/5 1587/2091/5 1564/2066/5
f 1564/2066/5 1587/2091/5 1588/2092/5 1565/2067/5
f 1565/2067/5 1588/2092/5 1589/2093/5 1566/2068/5
f 1566/2068/5 1589/2093/5 1590/2094/5 1567/2069/5
f 1567/2069/5 1590/2094/5 1591/2095/5 1568/2070/5
f 1568/2070/5 1591/2095/5 1592/2096/5 1569/2071/5
f 1569/2071/5 1592/2096/5 1593/2097/5 1570/2072/5
f 1570/2072/5 1593/2097/5 1594/2098/5 1571/2073/5
f 1571/2073/5 1594/2098/5 1595/2099/5 1572/2074/5
f 1572/2074/5 1595/2099/5 1596/2100/5 1573/2075/5
f 1573/2075/5 1596/2100/5 1597/2101/5 1574/2076/5
f 1574/2076/5 1597/2101/5 1598/2102/5 1575/2077/5
f 1575/2077/5 1598/2102/5 1599/2103/5 1576/2078/5
f 1576/2078/5 1599/2103/5 1600/2104/5 1577/2079/5
f 1577/2079/5 1600/2104/5 1601/2105/5 1578/2080/5
f 1578/2080/5 1601/2105/5 1602/2106/5 1579/2081/5
f 1579/2081/5 1602/2106/5 1603/2107/5 1580/2082/5
f 1580/2082/5 1603/2107/5 1604/2108/5 1581/2083/5
f 1581/2083/5 1604/2108/5 1605/2109/5 1582/2084/5
f 1582/2084/5 1605/2109/5 1606/2110/5 1583/2085/5
f 1583/2085/5 1606/2110/5 1607/2111/5 1584/2086/5
f 1584/2086/5 1607/2111/5 530/2112/5 528/2087/5
f 235/2088/5 237/2113/5 1608/2114/5 1585/2089/5
f 1585/2089/5 1608/2114/5 1609/2115/5 1586/2090/5
f 1586/2090/5 1609/2115/5 1610/2116/5 1587/2091/5
f 1587/2091/5 1610/2116/5 1611/2117/5 1588/2092/5
f 1588/2092/5 1611/2117/5 1612/2118/5 1589/2093/5
f 1589/2093/5 1612/2118/5 1613/2119/5 1590/2094/5
f 1590/2094/5 1613/2119/5 1614/2120/5 1591/2095/5
f 1591/2095/5 1614/2120/5 1615/2121/5 1592/2096/5
f 1592/2096/5 1615/2121/5 1616/2122/5 1593/2097/5
f 1593/2097/5 1616/2122/5 1617/2123/5 1594/2098/5
f 1594/2098/5 1617/2123/5 1618/2124/5 1595/2099/5
f 1595/2099/5 1618/2124/5 1619/2125/5 1596/2100/5
f 1596/2100/5 1619/2125/5 1620/2126/5 1597/2101/5
f 1597/2101/5 1620/2126/5 1621/2127/5 1598/2102/5
f 1598/2102/5 1621/2127/5 1622/2128/5 1599/2103/5
f 1599/2103/5 1622/2128/5 1623/2129/5 1600/2104/5
f 1600/2104/5 1623/2129/5 1624/2130/5 1601/2105/5
f 1601/2105/5 1624/2130/5 1625/2131/5 1602/2106/5
f 1602/2106/5 1625/2131/5 1626/2132/5 1603/2107/5
f 1603/2107/5 1626/2132/5 1627/2133/5 1604/2108/5
f 1604/2108/5 1627/2133/5 1628/2134/5 1605/2109/5
f 1605/2109/5 1628/2134/5 1629/2135/5 1606/2110/5
f 1606/2110/5 1629/2135/5 1630/2136/5 1607/2111/5
f 1607/2111/5 1630/2136/5 532/2137/5 530/2112/5
f 237/2113/5 239/2138/5 1631/2139/5 1608/2114/5
f 1608/2114/5 1631/2139/5 1632/2140/5 1609/2115/5
f 1609/2115/5 1632/2140/5 1633/2141/5 1610/2116/5
f 1610/2116/5 1633/2141/5 1634/2142/5 1611/2117/5
f 1611/2117/5 1634/2142/5 1635/2143/5 1612/2118/5
f 1612/2118/5 1635/2143/5 1636/2144/5 1613/2119/5
f 1613/2119/5 1636/2144/5 1637/2145/5 1614/2120/5
f 1614/2120/5 1637/2145/5 1638/2146/5 1615/2121/5
f 1615/2121/5 1638/2146/5 1639/2147/5 1616/2122/5
f 1616/2122/5 1639/2147/5 1640/2148/5 1617/2123/5
f 1617/2123/5 1640/2148/5 1641/2149/5 1618/2124/5
f 1618/2124/5 1641/2149/5 1642/2150/5 1619/2125/5
f 1619/2125/5 1642/2150/5 1643/2151/5 1620/2126/5
f 1620/2126/5 1643/2151/5 1644/2152/5 1621/2127/5
f 1621/2127/5 1644/2152/5 1645/2153/5 1622/2128/5
f 1622/2128/5 1645/2153/5 1646/2154/5 1623/2129/5
f 1623/2129/5 1646/2154/5 1647/2155/5 1624/2130/5
f 1624/2130/5 1647/2155/5 1648/2156/5 1625/2131/5
f 1625/2131/5 1648/2156/5 1649/2157/5 1626/2132/5
f 1626/2132/5 1649/2157/5 1650/2158/5 1627/2133/5
f 1627/2133/5 1650/2158/5 1651/2159/5 1628/2134/5
f 1628/2134/5 1651/2159/5 1652/2160/5 1629/2135/5
f 1629/2135/5 1652/2160/5 1653/2161/5 1630/2136/5
f 1630/2136/5 1653/2161/5 534/2162/5 532/2137/5
f 239/2138/5 241/2163/5 494/2164/5 1631/2139/5
f 1631/2139/5 494/2164/5 1654/2165/5 1632/2140/5
f 1632/2140/5 1654/2165/5 1655/2166/5 1633/2141/5
f 1633/2141/5 1655/2166/5 1656/2167/5 1634/2142/5
f 1634/2142/5 1656/2167/5 1657/2168/5 1635/2143/5
f 1635/2143/5 1657/2168/5 1658/2169/5 1636/2144/5
f 1636/2144/5 1658/2169/5 1659/2170/5 1637/2145/5
f 1637/2145/5 1659/2170/5 1660/2171/5 1638/2146/5
f 1638/2146/5 1660/2171/5 1661/2172/5 1639/2147/5
f 1639/2147/5 1661/2172/5 1662/2173/5 1640/2148/5
f 1640/2148/5 1662/2173/5 1663/2174/5 1641/2149/5
f 1641/2149/5 1663/2174/5 1664/2175/5 1642/2150/5
f 1642/2150/5 1664/2175/5 1665/2176/5 1643/2151/5
f 1643/2151/5 1665/2176/5 1666/2177/5 1644/2152/5
f 1644/2152/5 1666/2177/5 1667/2178/5 1645/2153/5
f 1645/2153/5 1667/2178/5 1668/2179/5 1646/2154/5
f 1646/2154/5 1668/2179/5 1669/2180/5 1647/2155/5
f 1647/2155/5 1669/2180/5 1670/2181/5 1648/2156/5
f 1648/2156/5 1670/2181/5 1671/2182/5 1649/2157/5
f 1649/2157/5 1671/2182/5 1672/2183/5 1650/2158/5
f 1650/2158/5 1672/2183/5 1673/2184/5 1651/2159/5
f 1651/2159/5 1673/2184/5 1674/2185/5 1652/2160/5
f 1652/2160/5 1674/2185/5 199/2186/5 1653/2161/5
f 1653/2161/5 199/2186/5 536/2187/5 534/2162/5
f 494/2164/5 493/2188/5 838/2189/5 1654/2165/5
f 1654/2165/5 838/2189/5 840/2190/5 1655/2166/5
f 1655/2166/5 840/2190/5 842/2191/5 1656/2167/5
f 1656/2167/5 842/2191/5 844/2192/5 1657/2168/5
f 1657/2168/5 844/2192/5 846/2193/5 1658/2169/5
f 1658/2169/5 846/2193/5 848/2194/5 1659/2170/5
f 1659/2170/5 848/2194/5 850/2195/5 1660/2171/5
f 1660/2171/5 850/2195/5 852/2196/5 1661/2172/5
f 1661/2172/5 852/2196/5 854/2197/5 1662/2173/5
f 1662/2173/5 854/2197/5 856/2198/5 1663/2174/5
f 1663/2174/5 856/2198/5 858/2199/5 1664/2175/5
f 1664/2175/5 858/2199/5 860/2200/5 1665/2176/5
f 1665/2176/5 860/2200/5 862/2201/5 1666/2177/5
f 1666/2177/5 862/2201/5 864/2202/5 1667/2178/5
f 1667/2178/5 864/2202/5 866/2203/5 1668/2179/5
f 1668/2179/5 866/2203/5 868/2204/5 1669/2180/5
f 1669/2180/5 868/2204/5 870/2205/5 1670/2181/5
f 1670/2181/5 870/2205/5 872/2206/5 1671/2182/5
f 1671/2182/5 872/2206/5 874/2207/5 1672/2183/5
f 1672/2183/5 874/2207/5 876/2208/5 1673/2184/5
f 1673/2184/5 876/2208/5 878/2209/5 1674/2185/5
f 1674/2185/5 878/2209/5 200/2210/5 199/2186/5
f 321/2211/6 602/2212/6 1675/2213/6 369/2214/6
f 602/2212/6 604/2215/6 1676/2216/6 1675/2213/6
f 604/2215/6 606/2217/6 1677/2218/6 1676/2216/6
f 606/2217/6 608/2219/6 1678/2220/6 1677/2218/6
f 608/2219/6 610/2221/6 1679/2222/6 1678/2220/6
f 610/2221/6 612/2223/6 1680/2224/6 1679/2222/6
f 612/2223/6 614/2225/6 1681/2226/6 1680/2224/6
f 614/2225/6 616/2227/6 1682/2228/6 1681/2226/6
f 616/2227/6 618/2229/6 1683/2230/6 1682/2228/6
f 618/2229/6 620/2231/6 1684/2232/6 1683/2230/6
f 620/2231/6 622/2233/6 1685/2234/6 1684/2232/6
f 622/2233/6 624/2235/6 1686/2236/6 1685/2234/6
f 624/2235/6 626/2237/6 1687/2238/6 1686/2236/6
f 626/2237/6 628/2239/6 1688/2240/6 1687/2238/6
f 628/2239/6 630/2241/6 1689/2242/6 1688/2240/6
f 630/2241/6 632/2243/6 1690/2244/6 1689/2242/6
f 632/2243/6 634/2245/6 1691/2246/6 1690/2244/6
f 634/2245/6 636/2247/6 1692/2248/6 1691/2246/6
f 636/2247/6 638/2249/6 1693/2250/6 1692/2248/6
f 638/2249/6 640/2251/6 1694/2252/6 1693/2250/6
f 640/2251/6 642/2253/6 1695/2254/6 1694/2252/6
f 642/2253/6 28/2255/6 75/2256/6 1695/2254/6
f 31/2257/6 369/2214/6 1696/2258/6 32/2259/6
f 369/2214/6 1675/2213/6 1697/2260/6 1696/2258/6
f 1675/2213/6 1676/2216/6 1698/2261/6 1697/2260/6
f 1676/2216/6 1677/2218/6 1699/2262/6 1698/2261/6
f 1677/2218/6 1678/2220/6 1700/2263/6 1699/2262/6
f 1678/2220/6 1679/2222/6 1701/2264/6 1700/2263/6
f 1679/2222/6 1680/2224/6 1702/2265/6 1701/2264/6
f 1680/2224/6 1681/2226/6 1703/2266/6 1702/2265/6
f 1681/2226/6 1682/2228/6 1704/2267/6 1703/2266/6
f 1682/2228/6 1683/2230/6 1705/2268/6 1704/2267/6
f 1683/2230/6 1684/2232/6 1706/2269/6 1705/2268/6
f 1684/2232/6 1685/2234/6 1707/2270/6 1706/2269/6
f 1685/2234/6 1686/2236/6 1708/2271/6 1707/2270/6
f 1686/2236/6 1687/2238/6 1709/2272/6 1708/2271/6
f 1687/2238/6 1688/2240/6 1710/2273/6 1709/2272/6
f 1688/2240/6 1689/2242/6 1711/2274/6 1710/2273/6
f 1689/2242/6 1690/2244/6 1712/2275/6 1711/2274/6
f 1690/2244/6 1691/2246/6 1713/2276/6 1712/2275/6
f 1691/2246/6 1692/2248/6 1714/2277/6 1713/2276/6
f 1692/2248/6 1693/2250/6 1715/2278/6 1714/2277/6
f 1693/2250/6 1694/2252/6 1716/2279/6 1715/2278/6
f 1694/2252/6 1695/2254/6 1717/2280/6 1716/2279/6
f 1695/2254/6 75/2256/6 1718/2281/6 1717/2280/6
f 75/2256/6 329/2282/6 328/2283/6 1718/2281/6
f 32/2259/6 1696/2258/6 1719/2284/6 34/2285/6
f 1696/2258/6 1697/2260/6 1720/2286/6 1719/2284/6
f 1697/2260/6 1698/2261/6 1721/2287/6 1720/2286/6
f 1698/2261/6 1699/2262/6 1722/2288/6 1721/2287/6
f 1699/2262/6 1700/2263/6 1723/2289/6 1722/2288/6
f 1700/2263/6 1701/2264/6 1724/2290/6 1723/2289/6
f 1701/2264/6 1702/2265/6 1725/2291/6 1724/2290/6
f 1702/2265/6 1703/2266/6 1726/2292/6 1725/2291/6
f 1703/2266/6 1704/2267/6 1727/2293/6 1726/2292/6
f 1704/2267/6 1705/2268/6 1728/2294/6 1727/2293/6
f 1705/2268/6 1706/2269/6 1729/2295/6 1728/2294/6
f 1706/2269/6 1707/2270/6 1730/2296/6 1729/2295/6
f 1707/2270/6 1708/2271/6 1731/2297/6 1730/2296/6
f 1708/2271/6 1709/2272/6 1732/2298/6 1731/2297/6
f 1709/2272/6 1710/2273/6 1733/2299/6 1732/2298/6
f 1710/2273/6 1711/2274/6 1734/2300/6 1733/2299/6
f 1711/2274/6 1712/2275/6 1735/2301/6 1734/2300/6
f 1712/2275/6 1713/2276/6 1736/2302/6 1735/2301/6
f 1713/2276/6 1714/2277/6 1737/2303/6 1736/2302/6
f 1714/2277/6 1715/2278/6 1738/2304/6 1737/2303/6
f 1715/2278/6 1716/2279/6 1739/2305/6 1738/2304/6
f 1716/2279/6 1717/2280/6 1740/2306/6 1739/2305/6
f 1717/2280/6 1718/2281/6 1741/2307/6 1740/2306/6
f 1718/2281/6 328/2283/6 331/2308/6 1741/2307/6
f 34/2285/6 1719/2284/6 1742/2309/6 36/2310/6
f 1719/2284/6 1720/2286/6 1743/2311/6 1742/2309/6
f 1720/2286/6 1721/2287/6 1744/2312/6 1743/2311/6
f 1721/2287/6 1722/2288/6 1745/2313/6 1744/2312/6
f 1722/2288/6 1723/2289/6 1746/2314/6 1745/2313/6
f 1723/2289/6 1724/2290/6 1747/2315/6 1746/2314/6
f 1724/2290/6 1725/2291/6 1748/2316/6 1747/2315/6
f 1725/2291/6 1726/2292/6 1749/2317/6 1748/2316/6
f 1726/2292/6 1727/2293/6 1750/2318/6 1749/2317/6
f 1727/2293/6 1728/2294/6 1751/2319/6 1750/2318/6
f 1728/2294/6 1729/2295/6 1752/2320/6 1751/2319/6
f 1729/2295/6 1730/2296/6 1753/2321/6 1752/2320/6
f 1730/2296/6 1731/2297/6 1754/2322/6 1753/2321/6
f 1731/2297/6 1732/2298/6 1755/2323/6 1754/2322/6
f 1732/2298/6 1733/2299/6 1756/2324/6 1755/2323/6
f 1733/2299/6 1734/2300/6 1757/2325/6 1756/2324/6
f 1734/2300/6 1735/2301/6 1758/2326/6 1757/2325/6
f 1735/2301/6 1736/2302/6 1759/2327/6 1758/2326/6
f 1736/2302/6 1737/2303/6 1760/2328/6 1759/2327/6
f 1737/2303/6 1738/2304/6 1761/2329/6 1760/2328/6
f 1738/2304/6 1739/2305/6 1762/2330/6 1761/2329/6
f 1739/2305/6 1740/2306/6 1763/2331/6 1762/2330/6
f 1740/2306/6 1741/2307/6 1764/2332/6 1763/2331/6
f 1741/2307/6 331/2308/6 333/2333/6 1764/2332/6
f 36/2310/6 1742/2309/6 1765/2334/6 38/2335/6
f 1742/2309/6 1743/2311/6 1766/2336/6 1765/2334/6
f 1743/2311/6 1744/2312/6 1767/2337/6 1766/2336/6
f 1744/2312/6 1745/2313/6 1768/2338/6 1767/2337/6
f 1745/2313/6 1746/2314/6 1769/2339/6 1768/2338/6
f 1746/2314/6 1747/2315/6 1770/2340/6 1769/2339/6
f 1747/2315/6 1748/2316/6 1771/2341/6 1770/2340/6
f 1748/2316/6 1749/2317/6 1772/2342/6 1771/2341/6
f 1749/2317/6 1750/2318/6 1773/2343/6 1772/2342/6
f 1750/2318/6 1751/2319/6 1774/2344/6 1773/2343/6
f 1751/2319/6 1752/2320/6 1775/2345/6 1774/2344/6
f 1752/2320/6 1753/2321/6 1776/2346/6 1775/2345/6
f 1753/2321/6 1754/2322/6 1777/2347/6 1776/2346/6
f 1754/2322/6 1755/2323/6 1778/2348/6 1777/2347/6
f 1755/2323/6 1756/2324/6 1779/2349/6 1778/2348/6
f 1756/2324/6 1757/2325/6 1780/2350/6 1779/2349/6
f 1757/2325/6 1758/2326/6 1781/2351/6 1780/2350/6
f 1758/2326/6 1759/2327/6 1782/2352/6 1781/2351/6
f 1759/2327/6 1760/2328/6 1783/2353/6 1782/2352/6
f 1760/2328/6 1761/2329/6 1784/2354/6 1783/2353/6
f 1761/2329/6 1762/2330/6 1785/2355/6 1784/2354/6
f 1762/2330/6 1763/2331/6 1786/2356/6 1785/2355/6
f 1763/2331/6 1764/2332/6 1787/2357/6 1786/2356/6
f 1764/2332/6 333/2333/6 335/2358/6 1787/2357/6
f 38/2335/6 1765/2334/6 1788/2359/6 40/2360/6
f 1765/2334/6 1766/2336/6 1789/2361/6 1788/2359/6
f 1766/2336/6 1767/2337/6 1790/2362/6 1789/2361/6
f 1767/2337/6 1768/2338/6 1791/2363/6 1790/2362/6
f 1768/2338/6 1769/2339/6 1792/2364/6 1791/2363/6
f 1769/2339/6 1770/2340/6 1793/2365/6 1792/2364/6
f 1770/2340/6 1771/2341/6 1794/2366/6 1793/2365/6
f 1771/2341/6 1772/2342/6 1795/2367/6 1794/2366/6
f 1772/2342/6 1773/2343/6 1796/2368/6 1795/2367/6
f 1773/2343/6 1774/2344/6 1797/2369/6 1796/2368/6
f 1774/2344/6 1775/2345/6 1798/2370/6 1797/2369/6
f 1775/2345/6 1776/2346/6 1799/2371/6 1798/2370/6
f 1776/2346/6 1777/2347/6 1800/2372/6 1799/2371/6
f 1777/2347/6 1778/2348/6 1801/2373/6 1800/2372/6
f 1778/2348/6 1779/2349/6 1802/2374/6 1801/2373/6
f 1779/2349/6 1780/2350/6 1803/2375/6 1802/2374/6
f 1780/2350/6 1781/2351/6 1804/2376/6 1803/2375/6
f 1781/2351/6 1782/2352/6 1805/2377/6 1804/2376/6
f 1782/2352/6 1783/2353/6 1806/2378/6 1805/2377/6
f 1783/2353/6 1784/2354/6 1807/2379/6 1806/2378/6
f 1784/2354/6 1785/2355/6 1808/2380/6 1807/2379/6
f 1785/2355/6 1786/2356/6 1809/2381/6 1808/2380/6
f 1786/2356/6 1787/2357/6 1810/2382/6 1809/2381/6
f 1787/2357/6 335/2358/6 337/2383/6 1810/2382/6
f 40/2360/6 1788/2359/6 1811/2384/6 42/2385/6
f 1788/2359/6 1789/2361/6 1812/2386/6 1811/2384/6
f 1789/2361/6 1790/2362/6 1813/2387/6 1812/2386/6
f 1790/2362/6 1791/2363/6 1814/2388/6 1813/2387/6
f 1791/2363/6 1792/2364/6 1815/2389/6 1814/2388/6
f 1792/2364/6 1793/2365/6 1816/2390/6 1815/2389/6
f 1793/2365/6 1794/2366/6 1817/2391/6 1816/2390/6
f 1794/2366/6 1795/2367/6 1818/2392/6 1817/2391/6
f 1795/2367/6 1796/2368/6 1819/2393/6 1818/2392/6
f 1796/2368/6 1797/2369/6 1820/2394/6 1819/2393/6
f 1797/2369/6 1798/2370/6 1821/2395/6 1820/2394/6
f 1798/2370/6 1799/2371/6 1822/2396/6 1821/2395/6
f 1799/2371/6 1800/2372/6 1823/2397/6 1822/2396/6
f 1800/2372/6 1801/2373/6 1824/2398/6 1823/2397/6
f 1801/2373/6 1802/2374/6 1825/2399/6 1824/2398/6
f 1802/2374/6 1803/2375/6 1826/2400/6 1825/2399/6
f 1803/2375/6 1804/2376/6 1827/2401/6 1826/2400/6
f 1804/2376/6 1805/2377/6 1828/2402/6 1827/2401/6
f 1805/2377/6 1806/2378/6 1829/2403/6 1828/2402/6
f 1806/2378/6 1807/2379/6 1830/2404/6 1829/2403/6
f 1807/2379/6 1808/2380/6 1831/2405/6 1830/2404/6
f 1808/2380/6 1809/2381/6 1832/2406/6 1831/2405/6
f 1809/2381/6 1810/2382/6 1833/2407/6 1832/2406/6
f 1810/2382/6 337/2383/6 339/2408/6 1833/2407/6
f 42/2385/6 1811/2384/6 1834/2409/6 44/2410/6
f 1811/2384/6 1812/2386/6 1835/2411/6 1834/2409/6
f 1812/2386/6 1813/2387/6 1836/2412/6 1835/2411/6
f 1813/2387/6 1814/2388/6 1837/2413/6 1836/2412/6
f 1814/2388/6 1815/2389/6 1838/2414/6 1837/2413/6
f 1815/2389/6 1816/2390/6 1839/2415/6 1838/2414/6
f 1816/2390/6 1817/2391/6 1840/2416/6 1839/2415/6
f 1817/2391/6 1818/2392/6 1841/2417/6 1840/2416/6
f 1818/2392/6 1819/2393/6 1842/2418/6 1841/2417/6
f 1819/2393/6 1820/2394/6 1843/2419/6 1842/2418/6
f 1820/2394/6 1821/2395/6 1844/2420/6 1843/2419/6
f 1821/2395/6 1822/2396/6 1845/2421/6 1844/2420/6
f 1822/2396/6 1823/2397/6 1846/2422/6 1845/2421/6
f 1823/2397/6 1824/2398/6 1847/2423/6 1846/2422/6
f 1824/2398/6 1825/2399/6 1848/2424/6 1847/2423/6
f 1825/2399/6 1826/2400/6 1849/2425/6 1848/2424/6
f 1826/2400/6 1827/2401/6 1850/2426/6 1849/2425/6
f 1827/2401/6 1828/2402/6 1851/2427/6 1850/2426/6
f 1828/2402/6 1829/2403/6 1852/2428/6 1851/2427/6
f 1829/2403/6 1830/2404/6 1853/2429/6 1852/2428/6
f 1830/2404/6 1831/2405/6 1854/2430/6 1853/2429/6
f 1831/2405/6 1832/2406/6 1855/2431/6 1854/2430/6
f 1832/2406/6 1833/2407/6 1856/2432/6 1855/2431/6
f 1833/2407/6 339/2408/6 341/2433/6 1856/2432/6
f 44/2410/6 1834/2409/6 1857/2434/6 46/2435/6
f 1834/2409/6 1835/2411/6 1858/2436/6 1857/2434/6
f 1835/2411/6 1836/2412/6 1859/2437/6 1858/2436/6
f 1836/2412/6 1837/2413/6 1860/2438/6 1859/2437/6
f 1837/2413/6 1838/2414/6 1861/2439/6 1860/2438/6
f 1838/2414/6 1839/2415/6 1862/2440/6 1861/2439/6
f 1839/2415/6 1840/2416/6 1863/2441/6 1862/2440/6
f 1840/2416/6 1841/2417/6 1864/2442/6 1863/2441/6
f 1841/2417/6 1842/2418/6 1865/2443/6 1864/2442/6
f 1842/2418/6 1843/2419/6 1866/2444/6 1865/2443/6
f 1843/2419/6 1844/2420/6 1867/2445/6 1866/2444/6
f 1844/2420/6 1845/2421/6 1868/2446/6 1867/2445/6
f 1845/2421/6 1846/2422/6 1869/2447/6 1868/2446/6
f 1846/2422/6 1847/2423/6 1870/2448/6 1869/2447/6
f 1847/2423/6 1848/2424/6 1871/2449/6 1870/2448/6
f 1848/2424/6 1849/2425/6 1872/2450/6 1871/2449/6
f 1849/2425/6 1850/2426/6 1873/2451/6 1872/2450/6
f 1850/2426/6 1851/2427/6 1874/2452/6 1873/2451/6
f 1851/2427/6 1852/2428/6 1875/2453/6 1874/2452/6
f 1852/2428/6 1853/2429/6 1876/2454/6 1875/2453/6
f 1853/2429/6 1854/2430/6 1877/2455/6 1876/2454/6
f 1854/2430/6 1855/2431/6 1878/2456/6 1877/2455/6
f 1855/2431/6 1856/2432/6 1879/2457/6 1878/2456/6
f 1856/2432/6 341/2433/6 343/2458/6 1879/2457/6
f 46/2435/6 1857/2434/6 1880/2459/6 48/2460/6
f 1857/2434/6 1858/2436/6 1881/2461/6 1880/2459/6
f 1858/2436/6 1859/2437/6 1882/2462/6 1881/2461/6
f 1859/2437/6 1860/2438/6 1883/2463/6 1882/2462/6
f 1860/2438/6 1861/2439/6 1884/2464/6 1883/2463/6
f 1861/2439/6 1862/2440/6 1885/2465/6 1884/2464/6
f 1862/2440/6 1863/2441/6 1886/2466/6 1885/2465/6
f 1863/2441/6 1864/2442/6 1887/2467/6 1886/2466/6
f 1864/2442/6 1865/2443/6 1888/2468/6 1887/2467/6
f 1865/2443/6 1866/2444/6 1889/2469/6 1888/2468/6
f 1866/2444/6 1867/2445/6 1890/2470/6 1889/2469/6
f 1867/2445/6 1868/2446/6 1891/2471/6 1890/2470/6
f 1868/2446/6 1869/2447/6 1892/2472/6 1891/2471/6
f 1869/2447/6 1870/2448/6 1893/2473/6 1892/2472/6
f 1870/2448/6 1871/2449/6 1894/2474/6 1893/2473/6
f 1871/2449/6 1872/2450/6 1895/2475/6 1894/2474/6
f 1872/2450/6 1873/2451/6 1896/2476/6 1895/2475/6
f 1873/2451/6 1874/2452/6 1897/2477/6 1896/2476/6
f 1874/2452/6 1875/2453/6 1898/2478/6 1897/2477/6
f 1875/2453/6 1876/2454/6 1899/2479/6 1898/2478/6
f 1876/2454/6 1877/2455/6 1900/2480/6 1899/2479/6
f 1877/2455/6 1878/2456/6 1901/2481/6 1900/2480/6
f 1878/2456/6 1879/2457/6 1902/2482/6 1901/2481/6
f 1879/2457/6 343/2458/6 345/2483/6 1902/2482/6
f 48/2460/6 1880/2459/6 1903/2484/6 50/2485/6
f 1880/2459/6 1881/2461/6 1904/2486/6 1903/2484/6
f 1881/2461/6 1882/2462/6 1905/2487/6 1904/2486/6
f 1882/2462/6 1883/2463/6 1906/2488/6 1905/2487/6
f 1883/2463/6 1884/2464/6 1907/2489/6 1906/2488/6
f 1884/2464/6 1885/2465/6 1908/2490/6 1907/2489/6
f 1885/2465/6 1886/2466/6 1909/2491/6 1908/2490/6
f 1886/2466/6 1887/2467/6 1910/2492/6 1909/2491/6
f 1887/2467/6 1888/2468/6 1911/2493/6 1910/2492/6
f 1888/2468/6 1889/2469/6 1912/2494/6 1911/2493/6
f 1889/2469/6 1890/2470/6 1913/2495/6 1912/2494/6
f 1890/2470/6 1891/2471/6 1914/2496/6 1913/2495/6
f 1891/2471/6 1892/2472/6 1915/2497/6 1914/2496/6
f 1892/2472/6 1893/2473/6 1916/2498/6 1915/2497/6
f 1893/2473/6 1894/2474/6 1917/2499/6 1916/2498/6
f 1894/2474/6 1895/2475/6 1918/2500/6 1917/2499/6
f 1895/2475/6 1896/2476/6 1919/2501/6 1918/2500/6
f 1896/2476/6 1897/2477/6 1920/2502/6 1919/2501/6
f 1897/2477/6 1898/2478/6 1921/2503/6 1920/2502/6
f 1898/2478/6 1899/2479/6 1922/2504/6 1921/2503/6
f 1899/2479/6 1900/2480/6 1923/2505/6 1922/2504/6
f 1900/2480/6 1901/2481/6 1924/2506/6 1923/2505/6
f 1901/2481/6 1902/2482/6 1925/2507/6 1924/2506/6
f 1902/2482/6 345/2483/6 347/2508/6 1925/2507/6
f 50/2485/6 1903/2484/6 1926/2509/6 52/2510/6
f 1903/2484/6 1904/2486/6 1927/2511/6 1926/2509/6
f 1904/2486/6 1905/2487/6 1928/2512/6 1927/2511/6
f 1905/2487/6 1906/2488/6 1929/2513/6 1928/2512/6
f 1906/2488/6 1907/2489/6 1930/2514/6 1929/2513/6
f 1907/2489/6 1908/2490/6 1931/2515/6 1930/2514/6
f 1908/2490/6 1909/2491/6 1932/2516/6 1931/2515/6
f 1909/2491/6 1910/2492/6 1933/2517/6 1932/2516/6
f 1910/2492/6 1911/2493/6 1934/2518/6 1933/2517/6
f 1911/2493/6 1912/2494/6 1935/2519/6 1934/2518/6
f 1912/2494/6 1913/2495/6 1936/2520/6 1935/2519/6
f 1913/2495/6 1914/2496/6 1937/2521/6 1936/2520/6
f 1914/2496/6 1915/2497/6 1938/2522/6 1937/2521/6
f 1915/2497/6 1916/2498/6 1939/2523/6 1938/2522/6
f 1916/2498/6 1917/2499/6 1940/2524/6 1939/2523/6
f 1917/2499/6 1918/2500/6 1941/2525/6 1940/2524/6
f 1918/2500/6 1919/2501/6 1942/2526/6 1941/2525/6
f 1919/2501/6 1920/2502/6 1943/2527/6 1942/2526/6
f 1920/2502/6 1921/2503/6 1944/2528/6 1943/2527/6
f 1921/2503/6 1922/2504/6 1945/2529/6 1944/2528/6
f 1922/2504/6 1923/2505/6 1946/2530/6 1945/2529/6
f 1923/2505/6 1924/2506/6 1947/2531/6 1946/2530/6
f 1924/2506/6 1925/2507/6 1948/2532/6 1947/2531/6
f 1925/2507/6 347/2508/6 349/2533/6 1948/2532/6
f 52/2510/6 1926/2509/6 1949/2534/6 54/2535/6
f 1926/2509/6 1927/2511/6 1950/2536/6 1949/2534/6
f 1927/2511/6 1928/2512/6 1951/2537/6 1950/2536/6
f 1928/2512/6 1929/2513/6 1952/2538/6 1951/2537/6
f 1929/2513/6 1930/2514/6 1953/2539/6 1952/2538/6
f 1930/2514/6 1931/2515/6 1954/2540/6 1953/2539/6
f 1931/2515/6 1932/2516/6 1955/2541/6 1954/2540/6
f 1932/2516/6 1933/2517/6 1956/2542/6 1955/2541/6
f 1933/2517/6 1934/2518/6 1957/2543/6 1956/2542/6
f 1934/2518/6 1935/2519/6 1958/2544/6 1957/2543/6
f 1935/2519/6 1936/2520/6 1959/2545/6 1958/2544/6
f 1936/2520/6 1937/2521/6 1960/2546/6 1959/2545/6
f 1937/2521/6 1938/2522/6 1961/2547/6 1960/2546/6
f 1938/2522/6 1939/2523/6 1962/2548/6 1961/2547/6
f 1939/2523/6 1940/2524/6 1963/2549/6 1962/2548/6
f 1940/2524/6 1941/2525/6 1964/2550/6 1963/2549/6
f 1941/2525/6 1942/2526/6 1965/2551/6 1964/2550/6
f 1942/2526/6 1943/2527/6 1966/2552/6 1965/2551/6
f 1943/2527/6 1944/2528/6 1967/2553/6 1966/2552/6
f 1944/2528/6 1945/2529/6 1968/2554/6 1967/2553/6
f 1945/2529/6 1946/2530/6 1969/2555/6 1968/2554/6
f 1946/2530/6 1947/2531/6 1970/2556/6 1969/2555/6
f 1947/2531/6 1948/2532/6 1971/2557/6 1970/2556/6
f 1948/2532/6 349/2533/6 351/2558/6 1971/2557/6
f 54/2535/6 1949/2534/6 1972/2559/6 56/2560/6
f 1949/2534/6 1950/2536/6 1973/2561/6 1972/2559/6
f 1950/2536/6 1951/2537/6 1974/2562/6 1973/2561/6
f 1951/2537/6 1952/2538/6 1975/2563/6 1974/2562/6
f 1952/2538/6 1953/2539/6 1976/2564/6 1975/2563/6
f 1953/2539/6 1954/2540/6 1977/2565/6 1976/2564/6
f 1954/2540/6 1955/2541/6 1978/2566/6 1977/2565/6
f 1955/2541/6 1956/2542/6 1979/2567/6 1978/2566/6
f 1956/2542/6 1957/2543/6 1980/2568/6 1979/2567/6
f 1957/2543/6 1958/2544/6 1981/2569/6 1980/2568/6
f 1958/2544/6 1959/2545/6 1982/2570/6 1981/2569/6
f 1959/2545/6 1960/2546/6 1983/2571/6 1982/2570/6
f 1960/2546/6 1961/2547/6 1984/2572/6 1983/2571/6
f 1961/2547/6 1962/2548/6 1985/2573/6 1984/2572/6
f 1962/2548/6 1963/2549/6 1986/2574/6 1985/2573/6
f 1963/2549/6 1964/2550/6 1987/2575/6 1986/2574/6
f 1964/2550/6 1965/2551/6 1988/2576/6 1987/2575/6
f 1965/2551/6 1966/2552/6 1989/2577/6 1988/2576/6
f 1966/2552/6 1967/2553/6 1990/2578/6 1989/2577/6
f 1967/2553/6 1968/2554/6 1991/2579/6 1990/2578/6
f 1968/2554/6 1969/2555/6 1992/2580/6 1991/2579/6
f 1969/2555/6 1970/2556/6 1993/2581/6 1992/2580/6
f 1970/2556/6 1971/2557/6 1994/2582/6 1993/2581/6
f 1971/2557/6 351/2558/6 353/2583/6 1994/2582/6
f 56/2560/6 1972/2559/6 1995/2584/6 58/2585/6
f 1972/2559/6 1973/2561/6 1996/2586/6 1995/2584/6
f 1973/2561/6 1974/2562/6 1997/2587/6 1996/2586/6
f 1974/2562/6 1975/2563/6 1998/2588/6 1997/2587/6
f 1975/2563/6 1976/2564/6 1999/2589/6 1998/2588/6
f 1976/2564/6 1977/2565/6 2000/2590/6 1999/2589/6
f 1977/2565/6 1978/2566/6 2001/2591/6 2000/2590/6
f 1978/2566/6 1979/2567/6 2002/2592/6 2001/2591/6
f 1979/2567/6 1980/2568/6 2003/2593/6 2002/2592/6
f 1980/2568/6 1981/2569/6 2004/2594/6 2003/2593/6
f 1981/2569/6 1982/2570/6 2005/2595/6 2004/2594/6
f 1982/2570/6 1983/2571/6 2006/2596/6 2005/2595/6
f 1983/2571/6 1984/2572/6 2007/2597/6 2006/2596/6
f 1984/2572/6 1985/2573/6 2008/2598/6 2007/2597/6
f 1985/2573/6 1986/2574/6 2009/2599/6 2008/2598/6
f 1986/2574/6 1987/2575/6 2010/2600/6 2009/2599/6
f 1987/2575/6 1988/2576/6 2011/2601/6 2010/2600/6
f 1988/2576/6 1989/2577/6 2012/2602/6 2011/2601/6
f 1989/2577/6 1990/2578/6 2013/2603/6 2012/2602/6
f 1990/2578/6 1991/2579/6 2014/2604/6 2013/2603/6
f 1991/2579/6 1992/2580/6 2015/2605/6 2014/2604/6
f 1992/2580/6 1993/2581/6 2016/2606/6 2015/2605/6
f 1993/2581/6 1994/2582/6 2017/2607/6 2016/2606/6
f 1994/2582/6 353/2583/6 355/2608/6 2017/2607/6
f 58/2585/6 1995/2584/6 2018/2609/6 60/2610/6
f 1995/2584/6 1996/2586/6 2019/2611/6 2018/2609/6
f 1996/2586/6 1997/2587/6 2020/2612/6 2019/2611/6
f 1997/2587/6 1998/2588/6 2021/2613/6 2020/2612/6
f 1998/2588/6 1999/2589/6 2022/2614/6 2021/2613/6
f 1999/2589/6 2000/2590/6 2023/2615/6 2022/2614/6
f 2000/2590/6 2001/2591/6 2024/2616/6 2023/2615/6
f 2001/2591/6 2002/2592/6 2025/2617/6 2024/2616/6
f 2002/2592/6 2003/2593/6 2026/2618/6 2025/2617/6
f 2003/2593/6 2004/2594/6 2027/2619/6 2026/2618/6
f 2004/2594/6 2005/2595/6 2028/2620/6 2027/2619/6
f 2005/2595/6 2006/2596/6 2029/2621/6 2028/2620/6
f 2006/2596/6 2007/2597/6 2030/2622/6 2029/2621/6
f 2007/2597/6 2008/2598/6 2031/2623/6 2030/2622/6
f 2008/2598/6 2009/2599/6 2032/2624/6 2031/2623/6
f 2009/2599/6 2010/2600/6 2033/2625/6 2032/2624/6
f 2010/2600/6 2011/2601/6 2034/2626/6 2033/2625/6
f 2011/2601/6 2012/2602/6 2035/2627/6 2034/2626/6
f 2012/2602/6 2013/2603/6 2036/2628/6 2035/2627/6
f 2013/2603/6 2014/2604/6 2037/2629/6 2036/2628/6
f 2014/2604/6 2015/2605/6 2038/2630/6 2037/2629/6
f 2015/2605/6 2016/2606/6 2039/2631/6 2038/2630/6
f 2016/2606/6 2017/2607/6 2040/2632/6 2039/2631/6
f 2017/2607/6 355/2608/6 357/2633/6 2040/2632/6
f 60/2610/6 2018/2609/6 372/2634/6 62/2635/6
f 2018/2609/6 2019/2611/6 2041/2636/6 372/2634/6
f 2019/2611/6 2020/2612/6 2042/2637/6 2041/2636/6
f 2020/2612/6 2021/2613/6 2043/2638/6 2042/2637/6
f 2021/2613/6 2022/2614/6 2044/2639/6 2043/2638/6
f 2022/2614/6 2023/2615/6 2045/2640/6 2044/2639/6
f 2023/2615/6 2024/2616/6 2046/2641/6 2045/2640/6
f 2024/2616/6 2025/2617/6 2047/2642/6 2046/2641/6
f 2025/2617/6 2026/2618/6 2048/2643/6 2047/2642/6
f 2026/2618/6 2027/2619/6 2049/2644/6 2048/2643/6
f 2027/2619/6 2028/2620/6 2050/2645/6 2049/2644/6
f 2028/2620/6 2029/2621/6 2051/2646/6 2050/2645/6
f 2029/2621/6 2030/2622/6 2052/2647/6 2051/2646/6
f 2030/2622/6 2031/2623/6 2053/2648/6 2052/2647/6
f 2031/2623/6 2032/2624/6 2054/2649/6 2053/2648/6
f 2032/2624/6 2033/2625/6 2055/2650/6 2054/2649/6
f 2033/2625/6 2034/2626/6 2056/2651/6 2055/2650/6
f 2034/2626/6 2035/2627/6 2057/2652/6 2056/2651/6
f 2035/2627/6 2036/2628/6 2058/2653/6 2057/2652/6
f 2036/2628/6 2037/2629/6 2059/2654/6 2058/2653/6
f 2037/2629/6 2038/2630/6 2060/2655/6 2059/2654/6
f 2038/2630/6 2039/2631/6 2061/2656/6 2060/2655/6
f 2039/2631/6 2040/2632/6 78/2657/6 2061/2656/6
f 2040/2632/6 357/2633/6 359/2658/6 78/2657/6
f 372/2634/6 2041/2636/6 751/2659/6 363/2660/6
f 2041/2636/6 2042/2637/6 753/2661/6 751/2659/6
f 2042/2637/6 2043/2638/6 755/2662/6 753/2661/6
f 2043/2638/6 2044/2639/6 757/2663/6 755/2662/6
f 2044/2639/6 2045/2640/6 759/2664/6 757/2663/6
f 2045/2640/6 2046/2641/6 761/2665/6 759/2664/6
f 2046/2641/6 2047/2642/6 763/2666/6 761/2665/6
f 2047/2642/6 2048/2643/6 765/2667/6 763/2666/6
f 2048/2643/6 2049/2644/6 767/2668/6 765/2667/6
f 2049/2644/6 2050/2645/6 769/2669/6 767/2668/6
f 2050/2645/6 2051/2646/6 771/2670/6 769/2669/6
f 2051/2646/6 2052/2647/6 773/2671/6 771/2670/6
f 2052/2647/6 2053/2648/6 775/2672/6 773/2671/6
f 2053/2648/6 2054/2649/6 777/2673/6 775/2672/6
f 2054/2649/6 2055/2650/6 779/2674/6 777/2673/6
f 2055/2650/6 2056/2651/6 781/2675/6 779/2674/6
f 2056/2651/6 2057/2652/6 783/2676/6 781/2675/6
f 2057/2652/6 2058/2653/6 785/2677/6 783/2676/6
f 2058/2653/6 2059/2654/6 787/2678/6 785/2677/6
f 2059/2654/6 2060/2655/6 789/2679/6 787/2678/6
f 2060/2655/6 2061/2656/6 791/2680/6 789/2679/6
f 2061/2656/6 78/2657/6 67/2681/6 791/2680/6
f 499/2682/6 688/2683/6 2062/2684/6 547/2685/6
f 688/2683/6 690/2686/6 2063/2687/6 2062/2684/6
f 690/2686/6 692/2688/6 2064/2689/6 2063/2687/6
f 692/2688/6 694/2690/6 2065/2691/6 2064/2689/6
f 694/2690/6 696/2692/6 2066/2693/6 2065/2691/6
f 696/2692/6 698/2694/6 2067/2695/6 2066/2693/6
f 698/2694/6 700/2696/6 2068/2697/6 2067/2695/6
f 700/2696/6 702/2698/6 2069/2699/6 2068/2697/6
f 702/2698/6 704/2700/6 2070/2701/6 2069/2699/6
f 704/2700/6 706/2702/6 2071/2703/6 2070/2701/6
f 706/2702/6 708/2704/6 2072/2705/6 2071/2703/6
f 708/2704/6 710/2706/6 2073/2707/6 2072/2705/6
f 710/2706/6 712/2708/6 2074/2709/6 2073/2707/6
f 712/2708/6 714/2710/6 2075/2711/6 2074/2709/6
f 714/2710/6 716/2712/6 2076/2713/6 2075/2711/6
f 716/2712/6 718/2714/6 2077/2715/6 2076/2713/6
f 718/2714/6 720/2716/6 2078/2717/6 2077/2715/6
f 720/2716/6 722/2718/6 2079/2719/6 2078/2717/6
f 722/2718/6 724/2720/6 2080/2721/6 2079/2719/6
f 724/2720/6 726/2722/6 2081/2723/6 2080/2721/6
f 726/2722/6 728/2724/6 2082/2725/6 2081/2723/6
f 728/2724/6 206/2726/6 253/2727/6 2082/2725/6
f 209/2728/6 547/2685/6 2083/2729/6 210/2730/6
f 547/2685/6 2062/2684/6 2084/2731/6 2083/2729/6
f 2062/2684/6 2063/2687/6 2085/2732/6 2084/2731/6
f 2063/2687/6 2064/2689/6 2086/2733/6 2085/2732/6
f 2064/2689/6 2065/2691/6 2087/2734/6 2086/2733/6
f 2065/2691/6 2066/2693/6 2088/2735/6 2087/2734/6
f 2066/2693/6 2067/2695/6 2089/2736/6 2088/2735/6
f 2067/2695/6 2068/2697/6 2090/2737/6 2089/2736/6
f 2068/2697/6 2069/2699/6 2091/2738/6 2090/2737/6
f 2069/2699/6 2070/2701/6 2092/2739/6 2091/2738/6
f 2070/2701/6 2071/2703/6 2093/2740/6 2092/2739/6
f 2071/2703/6 2072/2705/6 2094/2741/6 2093/2740/6
f 2072/2705/6 2073/2707/6 2095/2742/6 2094/2741/6
f 2073/2707/6 2074/2709/6 2096/2743/6 2095/2742/6
f 2074/2709/6 2075/2711/6 2097/2744/6 2096/2743/6
f 2075/2711/6 2076/2713/6 2098/2745/6 2097/2744/6
f 2076/2713/6 2077/2715/6 2099/2746/6 2098/2745/6
f 2077/2715/6 2078/2717/6 2100/2747/6 2099/2746/6
f 2078/2717/6 2079/2719/6 2101/2748/6 2100/2747/6
f 2079/2719/6 2080/2721/6 2102/2749/6 2101/2748/6
f 2080/2721/6 2081/2723/6 2103/2750/6 2102/2749/6
f 2081/2723/6 2082/2725/6 2104/2751/6 2103/2750/6
f 2082/2725/6 253/2727/6 2105/2752/6 2104/2751/6
f 253/2727/6 507/2753/6 506/2754/6 2105/2752/6
f 210/2730/6 2083/2729/6 2106/2755/6 212/2756/6
f 2083/2729/6 2084/2731/6 2107/2757/6 2106/2755/6
f 2084/2731/6 2085/2732/6 2108/2758/6 2107/2757/6
f 2085/2732/6 2086/2733/6 2109/2759/6 2108/2758/6
f 2086/2733/6 2087/2734/6 2110/2760/6 2109/2759/6
f 2087/2734/6 2088/2735/6 2111/2761/6 2110/2760/6
f 2088/2735/6 2089/2736/6 2112/2762/6 2111/2761/6
f 2089/2736/6 2090/2737/6 2113/2763/6 2112/2762/6
f 2090/2737/6 2091/2738/6 2114/2764/6 2113/2763/6
f 2091/2738/6 2092/2739/6 2115/2765/6 2114/2764/6
f 2092/2739/6 2093/2740/6 2116/2766/6 2115/2765/6
f 2093/2740/6 2094/2741/6 2117/2767/6 2116/2766/6
f 2094/2741/6 2095/2742/6 2118/2768/6 2117/2767/6
f 2095/2742/6 2096/2743/6 2119/2769/6 2118/2768/6
f 2096/2743/6 2097/2744/6 2120/2770/6 2119/2769/6
f 2097/2744/6 2098/2745/6 2121/2771/6 2120/2770/6
f 2098/2745/6 2099/2746/6 2122/2772/6 2121/2771/6
f 2099/2746/6 2100/2747/6 2123/2773/6 2122/2772/6
f 2100/2747/6 2101/2748/6 2124/2774/6 2123/2773/6
f 2101/2748/6 2102/2749/6 2125/2775/6 2124/2774/6
f 2102/2749/6 2103/2750/6 2126/2776/6 2125/2775/6
f 2103/2750/6 2104/2751/6 2127/2777/6 2126/2776/6
f 2104/2751/6 2105/2752/6 2128/2778/6 2127/2777/6
f 2105/2752/6 506/2754/6 509/2779/6 2128/2778/6
f 212/2756/6 2106/2755/6 2129/2780/6 214/2781/6
f 2106/2755/6 2107/2757/6 2130/2782/6 2129/2780/6
f 2107/2757/6 2108/2758/6 2131/2783/6 2130/2782/6
f 2108/2758/6 2109/2759/6 2132/2784/6 2131/2783/6
f 2109/2759/6 2110/2760/6 2133/2785/6 2132/2784/6
f 2110/2760/6 2111/2761/6 2134/2786/6 2133/2785/6
f 2111/2761/6 2112/2762/6 2135/2787/6 2134/2786/6
f 2112/2762/6 2113/2763/6 2136/2788/6 2135/2787/6
f 2113/2763/6 2114/2764/6 2137/2789/6 2136/2788/6
f 2114/2764/6 2115/2765/6 2138/2790/6 2137/2789/6
f 2115/2765/6 2116/2766/6 2139/2791/6 2138/2790/6
f 2116/2766/6 2117/2767/6 2140/2792/6 2139/2791/6
f 2117/2767/6 2118/2768/6 2141/2793/6 2140/2792/6
f 2118/2768/6 2119/2769/6 2142/2794/6 2141/2793/6
f 2119/2769/6 2120/2770/6 2143/2795/6 2142/2794/6
f 2120/2770/6 2121/2771/6 2144/2796/6 2143/2795/6
f 2121/2771/6 2122/2772/6 2145/2797/6 2144/2796/6
f 2122/2772/6 2123/2773/6 2146/2798/6 2145/2797/6
f 2123/2773/6 2124/2774/6 2147/2799/6 2146/2798/6
f 2124/2774/6 2125/2775/6 2148/2800/6 2147/2799/6
f 2125/2775/6 2126/2776/6 2149/2801/6 2148/2800/6
f 2126/2776/6 2127/2777/6 2150/2802/6 2149/2801/6
f 2127/2777/6 2128/2778/6 2151/2803/6 2150/2802/6
f 2128/2778/6 509/2779/6 511/2804/6 2151/2803/6
f 214/2781/6 2129/2780/6 2152/2805/6 216/2806/6
f 2129/2780/6 2130/2782/6 2153/2807/6 2152/2805/6
f 2130/2782/6 2131/2783/6 2154/2808/6 2153/2807/6
f 2131/2783/6 2132/2784/6 2155/2809/6 2154/2808/6
f 2132/2784/6 2133/2785/6 2156/2810/6 2155/2809/6
f 2133/2785/6 2134/2786/6 2157/2811/6 2156/2810/6
f 2134/2786/6 2135/2787/6 2158/2812/6 2157/2811/6
f 2135/2787/6 2136/2788/6 2159/2813/6 2158/2812/6
f 2136/2788/6 2137/2789/6 2160/2814/6 2159/2813/6
f 2137/2789/6 2138/2790/6 2161/2815/6 2160/2814/6
f 2138/2790/6 2139/2791/6 2162/2816/6 2161/2815/6
f 2139/2791/6 2140/2792/6 2163/2817/6 2162/2816/6
f 2140/2792/6 2141/2793/6 2164/2818/6 2163/2817/6
f 2141/2793/6 2142/2794/6 2165/2819/6 2164/2818/6
f 2142/2794/6 2143/2795/6 2166/2820/6 2165/2819/6
f 2143/2795/6 2144/2796/6 2167/2821/6 2166/2820/6
f 2144/2796/6 2145/2797/6 2168/2822/6 2167/2821/6
f 2145/2797/6 2146/2798/6 2169/2823/6 2168/2822/6
f 2146/2798/6 2147/2799/6 2170/2824/6 2169/2823/6
f 2147/2799/6 2148/2800/6 2171/2825/6 2170/2824/6
f 2148/2800/6 2149/2801/6 2172/2826/6 2171/2825/6
f 2149/2801/6 2150/2802/6 2173/2827/6 2172/2826/6
f 2150/2802/6 2151/2803/6 2174/2828/6 2173/2827/6
f 2151/2803/6 511/2804/6 513/2829/6 2174/2828/6
f 216/2806/6 2152/2805/6 2175/2830/6 218/2831/6
f 2152/2805/6 2153/2807/6 2176/2832/6 2175/2830/6
f 2153/2807/6 2154/2808/6 2177/2833/6 2176/2832/6
f 2154/2808/6 2155/2809/6 2178/2834/6 2177/2833/6
f 2155/2809/6 2156/2810/6 2179/2835/6 2178/2834/6
f 2156/2810/6 2157/2811/6 2180/2836/6 2179/2835/6
f 2157/2811/6 2158/2812/6 2181/2837/6 2180/2836/6
f 2158/2812/6 2159/2813/6 2182/2838/6 2181/2837/6
f 2159/2813/6 2160/2814/6 2183/2839/6 2182/2838/6
f 2160/2814/6 2161/2815/6 2184/2840/6 2183/2839/6
f 2161/2815/6 2162/2816/6 2185/2841/6 2184/2840/6
f 2162/2816/6 2163/2817/6 2186/2842/6 2185/2841/6
f 2163/2817/6 2164/2818/6 2187/2843/6 2186/2842/6
f 2164/2818/6 2165/2819/6 2188/2844/6 2187/2843/6
f 2165/2819/6 2166/2820/6 2189/2845/6 2188/2844/6
f 2166/2820/6 2167/2821/6 2190/2846/6 2189/2845/6
f 2167/2821/6 2168/2822/6 2191/2847/6 2190/2846/6
f 2168/2822/6 2169/2823/6 2192/2848/6 2191/2847/6
f 2169/2823/6 2170/2824/6 2193/2849/6 2192/2848/6
f 2170/2824/6 2171/2825/6 2194/2850/6 2193/2849/6
f 2171/2825/6 2172/2826/6 2195/2851/6 2194/2850/6
f 2172/2826/6 2173/2827/6 2196/2852/6 2195/2851/6
f 2173/2827/6 2174/2828/6 2197/2853/6 2196/2852/6
f 2174/2828/6 513/2829/6 515/2854/6 2197/2853/6
f 218/2831/6 2175/2830/6 2198/2855/6 220/2856/6
f 2175/2830/6 2176/2832/6 2199/2857/6 2198/2855/6
f 2176/2832/6 2177/2833/6 2200/2858/6 2199/2857/6
f 2177/2833/6 2178/2834/6 2201/2859/6 2200/2858/6
f 2178/2834/6 2179/2835/6 2202/2860/6 2201/2859/6
f 2179/2835/6 2180/2836/6 2203/2861/6 2202/2860/6
f 2180/2836/6 2181/2837/6 2204/2862/6 2203/2861/6
f 2181/2837/6 2182/2838/6 2205/2863/6 2204/2862/6
f 2182/2838/6 2183/2839/6 2206/2864/6 2205/2863/6
f 2183/2839/6 2184/2840/6 2207/2865/6 2206/2864/6
f 2184/2840/6 2185/2841/6 2208/2866/6 2207/2865/6
f 2185/2841/6 2186/2842/6 2209/2867/6 2208/2866/6
f 2186/2842/6 2187/2843/6 2210/2868/6 2209/2867/6
f 2187/2843/6 2188/2844/6 2211/2869/6 2210/2868/6
f 2188/2844/6 2189/2845/6 2212/2870/6 2211/2869/6
f 2189/2845/6 2190/2846/6 2213/2871/6 2212/2870/6
f 2190/2846/6 2191/2847/6 2214/2872/6 2213/2871/6
f 2191/2847/6 2192/2848/6 2215/2873/6 2214/2872/6
f 2192/2848/6 2193/2849/6 2216/2874/6 2215/2873/6
f 2193/2849/6 2194/2850/6 2217/2875/6 2216/2874/6
f 2194/2850/6 2195/2851/6 2218/2876/6 2217/2875/6
f 2195/2851/6 2196/2852/6 2219/2877/6 2218/2876/6
f 2196/2852/6 2197/2853/6 2220/2878/6 2219/2877/6
f 2197/2853/6 515/2854/6 517/2879/6 2220/2878/6
f 220/2856/6 2198/2855/6 2221/2880/6 222/2881/6
f 2198/2855/6 2199/2857/6 2222/2882/6 2221/2880/6
f 2199/2857/6 2200/2858/6 2223/2883/6 2222/2882/6
f 2200/2858/6 2201/2859/6 2224/2884/6 2223/2883/6
f 2201/2859/6 2202/2860/6 2225/2885/6 2224/2884/6
f 2202/2860/6 2203/2861/6 2226/2886/6 2225/2885/6
f 2203/2861/6 2204/2862/6 2227/2887/6 2226/2886/6
f 2204/2862/6 2205/2863/6 2228/2888/6 2227/2887/6
f 2205/2863/6 2206/2864/6 2229/2889/6 2228/2888/6
f 2206/2864/6 2207/2865/6 2230/2890/6 2229/2889/6
f 2207/2865/6 2208/2866/6 2231/2891/6 2230/2890/6
f 2208/2866/6 2209/2867/6 2232/2892/6 2231/2891/6
f 2209/2867/6 2210/2868/6 2233/2893/6 2232/2892/6
f 2210/2868/6 2211/2869/6 2234/2894/6 2233/2893/6
f 2211/2869/6 2212/2870/6 2235/2895/6 2234/2894/6
f 2212/2870/6 2213/2871/6 2236/2896/6 2235/2895/6
f 2213/2871/6 2214/2872/6 2237/2897/6 2236/2896/6
f 2214/2872/6 2215/2873/6 2238/2898/6 2237/2897/6
f 2215/2873/6 2216/2874/6 2239/2899/6 2238/2898/6
f 2216/2874/6 2217/2875/6 2240/2900/6 2239/2899/6
f 2217/2875/6 2218/2876/6 2241/2901/6 2240/2900/6
f 2218/2876/6 2219/2877/6 2242/2902/6 2241/2901/6
f 2219/2877/6 2220/2878/6 2243/2903/6 2242/2902/6
f 2220/2878/6 517/2879/6 519/2904/6 2243/2903/6
f 222/2881/6 2221/2880/6 2244/2905/6 224/2906/6
f 2221/2880/6 2222/2882/6 2245/2907/6 2244/2905/6
f 2222/2882/6 2223/2883/6 2246/2908/6 2245/2907/6
f 2223/2883/6 2224/2884/6 2247/2909/6 2246/2908/6
f 2224/2884/6 2225/2885/6 2248/2910/6 2247/2909/6
f 2225/2885/6 2226/2886/6 2249/2911/6 2248/2910/6
f 2226/2886/6 2227/2887/6 2250/2912/6 2249/2911/6
f 2227/2887/6 2228/2888/6 2251/2913/6 2250/2912/6
f 2228/2888/6 2229/2889/6 2252/2914/6 2251/2913/6
f 2229/2889/6 2230/2890/6 2253/2915/6 2252/2914/6
f 2230/2890/6 2231/2891/6 2254/2916/6 2253/2915/6
f 2231/2891/6 2232/2892/6 2255/2917/6 2254/2916/6
f 2232/2892/6 2233/2893/6 2256/2918/6 2255/2917/6
f 2233/2893/6 2234/2894/6 2257/2919/6 2256/2918/6
f 2234/2894/6 2235/2895/6 2258/2920/6 2257/2919/6
f 2235/2895/6 2236/2896/6 2259/2921/6 2258/2920/6
f 2236/2896/6 2237/2897/6 2260/2922/6 2259/2921/6
f 2237/2897/6 2238/2898/6 2261/2923/6 2260/2922/6
f 2238/2898/6 2239/2899/6 2262/2924/6 2261/2923/6
f 2239/2899/6 2240/2900/6 2263/2925/6 2262/2924/6
f 2240/2900/6 2241/2901/6 2264/2926/6 2263/2925/6
f 2241/2901/6 2242/2902/6 2265/2927/6 2264/2926/6
f 2242/2902/6 2243/2903/6 2266/2928/6 2265/2927/6
f 2243/2903/6 519/2904/6 521/2929/6 2266/2928/6
f 224/2906/6 2244/2905/6 2267/2930/6 226/2931/6
f 2244/2905/6 2245/2907/6 2268/2932/6 2267/2930/6
f 2245/2907/6 2246/2908/6 2269/2933/6 2268/2932/6
f 2246/2908/6 2247/2909/6 2270/2934/6 2269/2933/6
f 2247/2909/6 2248/2910/6 2271/2935/6 2270/2934/6
f 2248/2910/6 2249/2911/6 2272/2936/6 2271/2935/6
f 2249/2911/6 2250/2912/6 2273/2937/6 2272/2936/6
f 2250/2912/6 2251/2913/6 2274/2938/6 2273/2937/6
f 2251/2913/6 2252/2914/6 2275/2939/6 2274/2938/6
f 2252/2914/6 2253/2915/6 2276/2940/6 2275/2939/6
f 2253/2915/6 2254/2916/6 2277/2941/6 2276/2940/6
f 2254/2916/6 2255/2917/6 2278/2942/6 2277/2941/6
f 2255/2917/6 2256/2918/6 2279/2943/6 2278/2942/6
f 2256/2918/6 2257/2919/6 2280/2944/6 2279/2943/6
f 2257/2919/6 2258/2920/6 2281/2945/6 2280/2944/6
f 2258/2920/6 2259/2921/6 2282/2946/6 2281/2945/6
f 2259/2921/6 2260/2922/6 2283/2947/6 2282/2946/6
f 2260/2922/6 2261/2923/6 2284/2948/6 2283/2947/6
f 2261/2923/6 2262/2924/6 2285/2949/6 2284/2948/6
f 2262/2924/6 2263/2925/6 2286/2950/6 2285/2949/6
f 2263/2925/6 2264/2926/6 2287/2951/6 2286/2950/6
f 2264/2926/6 2265/2927/6 2288/2952/6 2287/2951/6
f 2265/2927/6 2266/2928/6 2289/2953/6 2288/2952/6
f 2266/2928/6 521/2929/6 523/2954/6 2289/2953/6
f 226/2931/6 2267/2930/6 2290/2955/6 228/2956/6
f 2267/2930/6 2268/2932/6 2291/2957/6 2290/2955/6
f 2268/2932/6 2269/2933/6 2292/2958/6 2291/2957/6
f 2269/2933/6 2270/2934/6 2293/2959/6 2292/2958/6
f 2270/2934/6 2271/2935/6 2294/2960/6 2293/2959/6
f 2271/2935/6 2272/2936/6 2295/2961/6 2294/2960/6
f 2272/2936/6 2273/2937/6 2296/2962/6 2295/2961/6
f 2273/2937/6 2274/2938/6 2297/2963/6 2296/2962/6
f 2274/2938/6 2275/2939/6 2298/2964/6 2297/2963/6
f 2275/2939/6 2276/2940/6 2299/2965/6 2298/2964/6
f 2276/2940/6 2277/2941/6 2300/2966/6 2299/2965/6
f 2277/2941/6 2278/2942/6 2301/2967/6 2300/2966/6
f 2278/2942/6 2279/2943/6 2302/2968/6 2301/2967/6
f 2279/2943/6 2280/2944/6 2303/2969/6 2302/2968/6
f 2280/2944/6 2281/2945/6 2304/2970/6 2303/2969/6
f 2281/2945/6 2282/2946/6 2305/2971/6 2304/2970/6
f 2282/2946/6 2283/2947/6 2306/2972/6 2305/2971/6
f 2283/2947/6 2284/2948/6 2307/2973/6 2306/2972/6
f 2284/2948/6 2285/2949/6 2308/2974/6 2307/2973/6
f 2285/2949/6 2286/2950/6 2309/2975/6 2308/2974/6
f 2286/2950/6 2287/2951/6 2310/2976/6 2309/2975/6
f 2287/2951/6 2288/2952/6 2311/2977/6 2310/2976/6
f 2288/2952/6 2289/2953/6 2312/2978/6 2311/2977/6
f 2289/2953/6 523/2954/6 525/2979/6 2312/2978/6
f 228/2956/6 2290/2955/6 2313/2980/6 230/2981/6
f 2290/2955/6 2291/2957/6 2314/2982/6 2313/2980/6
f 2291/2957/6 2292/2958/6 2315/2983/6 2314/2982/6
f 2292/2958/6 2293/2959/6 2316/2984/6 2315/2983/6
f 2293/2959/6 2294/2960/6 2317/2985/6 2316/2984/6
f 2294/2960/6 2295/2961/6 2318/2986/6 2317/2985/6
f 2295/2961/6 2296/2962/6 2319/2987/6 2318/2986/6
f 2296/2962/6 2297/2963/6 2320/2988/6 2319/2987/6
f 2297/2963/6 2298/2964/6 2321/2989/6 2320/2988/6
f 2298/2964/6 2299/2965/6 2322/2990/6 2321/2989/6
f 2299/2965/6 2300/2966/6 2323/2991/6 2322/2990/6
f 2300/2966/6 2301/2967/6 2324/2992/6 2323/2991/6
f 2301/2967/6 2302/2968/6 2325/2993/6 2324/2992/6
f 2302/2968/6 2303/2969/6 2326/2994/6 2325/2993/6
f 2303/2969/6 2304/2970/6 2327/2995/6 2326/2994/6
f 2304/2970/6 2305/2971/6 2328/2996/6 2327/2995/6
f 2305/2971/6 2306/2972/6 2329/2997/6 2328/2996/6
f 2306/2972/6 2307/2973/6 2330/2998/6 2329/2997/6
f 2307/2973/6 2308/2974/6 2331/2999/6 2330/2998/6
f 2308/2974/6 2309/2975/6 2332/3000/6 2331/2999/6
f 2309/2975/6 2310/2976/6 2333/3001/6 2332/3000/6
f 2310/2976/6 2311/2977/6 2334/3002/6 2333/3001/6
f 2311/2977/6 2312/2978/6 2335/3003/6 2334/3002/6
f 2312/2978/6 525/2979/6 527/3004/6 2335/3003/6
f 230/2981/6 2313/2980/6 2336/3005/6 232/3006/6
f 2313/2980/6 2314/2982/6 2337/3007/6 2336/3005/6
f 2314/2982/6 2315/2983/6 2338/3008/6 2337/3007/6
f 2315/2983/6 2316/2984/6 2339/3009/6 2338/3008/6
f 2316/2984/6 2317/2985/6 2340/3010/6 2339/3009/6
f 2317/2985/6 2318/2986/6 2341/3011/6 2340/3010/6
f 2318/2986/6 2319/2987/6 2342/3012/6 2341/3011/6
f 2319/2987/6 2320/2988/6 2343/3013/6 2342/3012/6
f 2320/2988/6 2321/2989/6 2344/3014/6 2343/3013/6
f 2321/2989/6 2322/2990/6 2345/3015/6 2344/3014/6
f 2322/2990/6 2323/2991/6 2346/3016/6 2345/3015/6
f 2323/2991/6 2324/2992/6 2347/3017/6 2346/3016/6
f 2324/2992/6 2325/2993/6 2348/3018/6 2347/3017/6
f 2325/2993/6 2326/2994/6 2349/3019/6 2348/3018/6
f 2326/2994/6 2327/2995/6 2350/3020/6 2349/3019/6
f 2327/2995/6 2328/2996/6 2351/3021/6 2350/3020/6
f 2328/2996/6 2329/2997/6 2352/3022/6 2351/3021/6
f 2329/2997/6 2330/2998/6 2353/3023/6 2352/3022/6
f 2330/2998/6 2331/2999/6 2354/3024/6 2353/3023/6
f 2331/2999/6 2332/3000/6 2355/3025/6 2354/3024/6
f 2332/3000/6 2333/3001/6 2356/3026/6 2355/3025/6
f 2333/3001/6 2334/3002/6 2357/3027/6 2356/3026/6
f 2334/3002/6 2335/3003/6 2358/3028/6 2357/3027/6
f 2335/3003/6 527/3004/6 529/3029/6 2358/3028/6
f 232/3006/6 2336/3005/6 2359/3030/6 234/3031/6
f 2336/3005/6 2337/3007/6 2360/3032/6 2359/3030/6
f 2337/3007/6 2338/3008/6 2361/3033/6 2360/3032/6
f 2338/3008/6 2339/3009/6 2362/3034/6 2361/3033/6
f 2339/3009/6 2340/3010/6 2363/3035/6 2362/3034/6
f 2340/3010/6 2341/3011/6 2364/3036/6 2363/3035/6
f 2341/3011/6 2342/3012/6 2365/3037/6 2364/3036/6
f 2342/3012/6 2343/3013/6 2366/3038/6 2365/3037/6
f 2343/3013/6 2344/3014/6 2367/3039/6 2366/3038/6
f 2344/3014/6 2345/3015/6 2368/3040/6 2367/3039/6
f 2345/3015/6 2346/3016/6 2369/3041/6 2368/3040/6
f 2346/3016/6 2347/3017/6 2370/3042/6 2369/3041/6
f 2347/3017/6 2348/3018/6 2371/3043/6 2370/3042/6
f 2348/3018/6 2349/3019/6 2372/3044/6 2371/3043/6
f 2349/3019/6 2350/3020/6 2373/3045/6 2372/3044/6
f 2350/3020/6 2351/3021/6 2374/3046/6 2373/3045/6
f 2351/3021/6 2352/3022/6 2375/3047/6 2374/3046/6
f 2352/3022/6 2353/3023/6 2376/3048/6 2375/3047/6
f 2353/3023/6 2354/3024/6 2377/3049/6 2376/3048/6
f 2354/3024/6 2355/3025/6 2378/3050/6 2377/3049/6
f 2355/3025/6 2356/3026/6 2379/3051/6 2378/3050/6
f 2356/3026/6 2357/3027/6 2380/3052/6 2379/3051/6
f 2357/3027/6 2358/3028/6 2381/3053/6 2380/3052/6
f 2358/3028/6 529/3029/6 531/3054/6 2381/3053/6
f 234/3031/6 2359/3030/6 2382/3055/6 236/3056/6
f 2359/3030/6 2360/3032/6 2383/3057/6 2382/3055/6
f 2360/3032/6 2361/3033/6 2384/3058/6 2383/3057/6
f 2361/3033/6 2362/3034/6 2385/3059/6 2384/3058/6
f 2362/3034/6 2363/3035/6 2386/3060/6 2385/3059/6
f 2363/3035/6 2364/3036/6 2387/3061/6 2386/3060/6
f 2364/3036/6 2365/3037/6 2388/3062/6 2387/3061/6
f 2365/3037/6 2366/3038/6 2389/3063/6 2388/3062/6
f 2366/3038/6 2367/3039/6 2390/3064/6 2389/3063/6
f 2367/3039/6 2368/3040/6 2391/3065/6 2390/3064/6
f 2368/3040/6 2369/3041/6 2392/3066/6 2391/3065/6
f 2369/3041/6 2370/3042/6 2393/3067/6 2392/3066/6
f 2370/3042/6 2371/3043/6 2394/3068/6 2393/3067/6
f 2371/3043/6 2372/3044/6 2395/3069/6 2394/3068/6
f 2372/3044/6 2373/3045/6 2396/3070/6 2395/3069/6
f 2373/3045/6 2374/3046/6 2397/3071/6 2396/3070/6
f 2374/3046/6 2375/3047/6 2398/3072/6 2397/3071/6
f 2375/3047/6 2376/3048/6 2399/3073/6 2398/3072/6
f 2376/3048/6 2377/3049/6 2400/3074/6 2399/3073/6
f 2377/3049/6 2378/3050/6 2401/3075/6 2400/3074/6
f 2378/3050/6 2379/3051/6 2402/3076/6 2401/3075/6
f 2379/3051/6 2380/3052/6 2403/3077/6 2402/3076/6
f 2380/3052/6 2381/3053/6 2404/3078/6 2403/3077/6
f 2381/3053/6 531/3054/6 533/3079/6 2404/3078/6
f 236/3056/6 2382/3055/6 2405/3080/6 238/3081/6
f 2382/3055/6 2383/3057/6 2406/3082/6 2405/3080/6
f 2383/3057/6 2384/3058/6 2407/3083/6 2406/3082/6
f 2384/3058/6 2385/3059/6 2408/3084/6 2407/3083/6
f 2385/3059/6 2386/3060/6 2409/3085/6 2408/3084/6
f 2386/3060/6 2387/3061/6 2410/3086/6 2409/3085/6
f 2387/3061/6 2388/3062/6 2411/3087/6 2410/3086/6
f 2388/3062/6 2389/3063/6 2412/3088/6 2411/3087/6
f 2389/3063/6 2390/3064/6 2413/3089/6 2412/3088/6
f 2390/3064/6 2391/3065/6 2414/3090/6 2413/3089/6
f 2391/3065/6 2392/3066/6 2415/3091/6 2414/3090/6
f 2392/3066/6 2393/3067/6 2416/3092/6 2415/3091/6
f 2393/3067/6 2394/3068/6 2417/3093/6 2416/3092/6
f 2394/3068/6 2395/3069/6 2418/3094/6 2417/3093/6
f 2395/3069/6 2396/3070/6 2419/3095/6 2418/3094/6
f 2396/3070/6 2397/3071/6 2420/3096/6 2419/3095/6
f 2397/3071/6 2398/3072/6 2421/3097/6 2420/3096/6
f 2398/3072/6 2399/3073/6 2422/3098/6 2421/3097/6
f 2399/3073/6 2400/3074/6 2423/3099/6 2422/3098/6
f 2400/3074/6 2401/3075/6 2424/3100/6 2423/3099/6
f 2401/3075/6 2402/3076/6 2425/3101/6 2424/3100/6
f 2402/3076/6 2403/3077/6 2426/3102/6 2425/3101/6
f 2403/3077/6 2404/3078/6 2427/3103/6 2426/3102/6
f 2404/3078/6 533/3079/6 535/3104/6 2427/3103/6
f 238/3081/6 2405/3080/6 550/3105/6 240/3106/6
f 2405/3080/6 2406/3082/6 2428/3107/6 550/3105/6
f 2406/3082/6 2407/3083/6 2429/3108/6 2428/3107/6
f 2407/3083/6 2408/3084/6 2430/3109/6 2429/3108/6
f 2408/3084/6 2409/3085/6 2431/3110/6 2430/3109/6
f 2409/3085/6 2410/3086/6 2432/3111/6 2431/3110/6
f 2410/3086/6 2411/3087/6 2433/3112/6 2432/3111/6
f 2411/3087/6 2412/3088/6 2434/3113/6 2433/3112/6
f 2412/3088/6 2413/3089/6 2435/3114/6 2434/3113/6
f 2413/3089/6 2414/3090/6 2436/3115/6 2435/3114/6
f 2414/3090/6 2415/3091/6 2437/3116/6 2436/3115/6
f 2415/3091/6 2416/3092/6 2438/3117/6 2437/3116/6
f 2416/3092/6 2417/3093/6 2439/3118/6 2438/3117/6
f 2417/3093/6 2418/3094/6 2440/3119/6 2439/3118/6
f 2418/3094/6 2419/3095/6 2441/3120/6 2440/3119/6
f 2419/3095/6 2420/3096/6 2442/3121/6 2441/3120/6
f 2420/3096/6 2421/3097/6 2443/3122/6 2442/3121/6
f 2421/3097/6 2422/3098/6 2444/3123/6 2443/3122/6
f 2422/3098/6 2423/3099/6 2445/3124/6 2444/3123/6
f 2423/3099/6 2424/3100/6 2446/3125/6 2445/3124/6
f 2424/3100/6 2425/3101/6 2447/3126/6 2446/3125/6
f 2425/3101/6 2426/3102/6 2448/3127/6 2447/3126/6
f 2426/3102/6 2427/3103/6 256/3128/6 2448/3127/6
f 2427/3103/6 535/3104/6 537/3129/6 256/3128/6
f 550/3105/6 2428/3107/6 837/3130/6 541/3131/6
f 2428/3107/6 2429/3108/6 839/3132/6 837/3130/6
f 2429/3108/6 2430/3109/6 841/3133/6 839/3132/6
f 2430/3109/6 2431/3110/6 843/3134/6 841/3133/6
f 2431/3110/6 2432/3111/6 845/3135/6 843/3134/6
f 2432/3111/6 2433/3112/6 847/3136/6 845/3135/6
f 2433/3112/6 2434/3113/6 849/3137/6 847/3136/6
f 2434/3113/6 2435/3114/6 851/3138/6 849/3137/6
f 2435/3114/6 2436/3115/6 853/3139/6 851/3138/6
f 2436/3115/6 2437/3116/6 855/3140/6 853/3139/6
f 2437/3116/6 2438/3117/6 857/3141/6 855/3140/6
f 2438/3117/6 2439/3118/6 859/3142/6 857/3141/6
f 2439/3118/6 2440/3119/6 861/3143/6 859/3142/6
f 2440/3119/6 2441/3120/6 863/3144/6 861/3143/6
f 2441/3120/6 2442/3121/6 865/3145/6 863/3144/6
f 2442/3121/6 2443/3122/6 867/3146/6 865/3145/6
f 2443/3122/6 2444/3123/6 869/3147/6 867/3146/6
f 2444/3123/6 2445/3124/6 871/3148/6 869/3147/6
f 2445/3124/6 2446/3125/6 873/3149/6 871/3148/6
f 2446/3125/6 2447/3126/6 875/3150/6 873/3149/6
f 2447/3126/6 2448/3127/6 877/3151/6 875/3150/6
f 2448/3127/6 256/3128/6 245/3152/6 877/3151/6
f 285/3153/6 741/3154/6 2449/3155/6 286/3156/6
f 741/3154/6 582/3157/6 581/3158/6 2449/3155/6
f 287/3159/6 742/3160/6 2450/3161/6 288/3162/6
f 742/3160/6 584/3163/6 583/3164/6 2450/3161/6
f 286/3156/6 2449/3155/6 893/3165/6 289/3166/6
f 2449/3155/6 581/3158/6 585/3167/6 893/3165/6
f 288/3162/6 2450/3161/6 894/3168/6 290/3169/6
f 2450/3161/6 583/3164/6 586/3170/6 894/3168/6
f 291/3171/6 743/3172/6 2451/3173/6 292/3174/6
f 743/3172/6 588/3175/6 587/3176/6 2451/3173/6
f 293/3177/6 744/3178/6 2452/3179/6 294/3180/6
f 744/3178/6 590/3181/6 589/3182/6 2452/3179/6
f 292/3174/6 2451/3173/6 895/3183/6 295/3184/6
f 2451/3173/6 587/3176/6 591/3185/6 895/3183/6
f 294/3180/6 2452/3179/6 896/3186/6 296/3187/6
f 2452/3179/6 589/3182/6 592/3188/6 896/3186/6
